metal,config,slip,period,per_month,win_%,pf,net_inr,max_dd_inr,worst_streak,months_ge10,min_month,profit_months,worst_month
SILVER,SILVER pick,5,ALL,13.3,75.4,2.53,8436537,-943796,4,13/18,2,15/18,-166920
SILVER,SILVER pick,5,2025,11.7,77.1,3.35,2285252,-187900,3,13/18,2,15/18,-166920
SILVER,SILVER pick,5,2026,15.6,73.6,2.35,6151285,-943796,4,13/18,2,15/18,-166920
SILVER,SILVER pick,20,ALL,13.3,74.6,2.47,8181837,-957296,4,13/18,2,14/18,-170520
SILVER,SILVER pick,20,2025,11.7,76.4,3.15,2157452,-190600,3,13/18,2,14/18,-170520
SILVER,SILVER pick,20,2026,15.6,72.9,2.32,6024385,-957296,4,13/18,2,14/18,-170520
SILVER,GOLD pick,5,ALL,10.7,72.0,1.56,3592413,-1094707,3,13/20,4,12/20,-306337
SILVER,GOLD pick,5,2025,10.6,73.2,2.29,1750134,-249237,3,13/20,4,12/20,-306337
SILVER,GOLD pick,5,2026,10.9,70.4,1.37,1842279,-1094707,3,13/20,4,12/20,-306337
SILVER,GOLD pick,20,ALL,10.7,72.0,1.53,3385413,-1112707,3,13/20,4,11/20,-310837
SILVER,GOLD pick,20,2025,10.6,73.2,2.17,1633134,-257337,3,13/20,4,11/20,-310837
SILVER,GOLD pick,20,2026,10.9,70.4,1.35,1752279,-1112707,3,13/20,4,11/20,-310837
GOLD,SILVER pick,5,ALL,14.8,66.5,1.61,5025500,-1248354,6,15/18,4,12/18,-307428
GOLD,SILVER pick,5,2025,12.6,62.9,1.91,2196237,-386495,6,15/18,4,12/18,-307428
GOLD,SILVER pick,5,2026,17.7,69.8,1.49,2829263,-1248354,3,15/18,4,12/18,-307428
GOLD,SILVER pick,20,ALL,14.8,63.5,1.48,4086500,-1392354,6,15/18,4,11/18,-354450
GOLD,SILVER pick,20,2025,12.6,57.0,1.67,1737237,-501053,6,15/18,4,11/18,-354450
GOLD,SILVER pick,20,2026,17.7,69.8,1.39,2349263,-1392354,3,15/18,4,11/18,-354450
GOLD,GOLD pick,5,ALL,9.8,78.0,2.52,7060819,-723403,3,13/20,2,14/20,-520577
GOLD,GOLD pick,5,2025,10.0,82.5,2.96,2692065,-323676,2,13/20,2,14/20,-520577
GOLD,GOLD pick,5,2026,9.4,71.8,2.34,4368754,-723403,3,13/20,2,14/20,-520577
GOLD,GOLD pick,20,ALL,9.8,75.6,2.35,6433819,-744403,3,13/20,2,14/20,-553577
GOLD,GOLD pick,20,2025,10.0,78.3,2.61,2323065,-340355,3,13/20,2,14/20,-553577
GOLD,GOLD pick,20,2026,9.4,71.8,2.23,4110754,-744403,3,13/20,2,14/20,-553577
