side,entry_time,exit_time,entry,qty,risk_pts,reason,kind,gross_inr,net_inr,r_multiple
LONG,2025-02-05 09:23:00,2025-02-06 13:25:00,104684.0,1.0,1177.1516955660627,flip,re-entry,26800.0,15429.829999999998,0.13107766873308696
LONG,2025-02-06 16:21:00,2025-02-06 18:27:00,105173.0,1.0,318.4393270164146,stop,signal,6368.78654032771,676.0665403277102,0.021230623323508686
LONG,2025-02-07 09:05:00,2025-02-07 22:31:00,105237.0,1.0,380.1392143924895,stop,signal,7602.784287849499,1907.5742878494993,0.050180939393428374
LONG,2025-02-10 09:05:00,2025-02-11 09:30:00,105862.0,1.0,698.9734409507655,flip,signal,48400.0,42688.88,0.6107367962641507
LONG,2025-02-11 20:00:00,2025-02-12 09:05:00,106002.0,1.0,590.6469649279315,flip,signal,-56000.0,-61702.829999999994,-1.0446651496385617
LONG,2025-02-12 12:40:00,2025-02-12 16:45:00,105762.0,1.0,339.3259240223415,flip,signal,-36200.0,-41900.59,-1.2348184159734648
LONG,2025-02-12 19:30:00,2025-02-12 20:20:00,105686.0,1.0,665.4207080418564,stop,signal,13308.414160837128,7604.504160837129,0.11428114678328871
LONG,2025-02-12 22:25:00,2025-02-12 22:48:00,106022.0,1.0,433.7093077411264,stop,re-entry,8674.18615482311,2964.21615482311,0.06834568919587032
LONG,2025-02-13 09:05:00,2025-02-13 14:30:00,106396.0,1.0,490.2534799912828,flip,re-entry,-13100.0,-18815.22,-0.3837855470262965
LONG,2025-02-13 17:45:00,2025-02-13 19:20:00,106560.0,1.0,245.10080866141652,flip,signal,-21800.0,-27517.78,-1.1227127380886448
LONG,2025-02-14 09:05:00,2025-02-14 17:02:00,106632.0,1.0,343.40302357480687,stop,signal,6400.0,678.2399999999996,0.019750554113925903
LONG,2025-02-17 09:25:00,2025-02-17 12:00:00,105712.0,1.0,521.1983597578655,flip,signal,-42000.0,-47698.8,-0.915175558537052
LONG,2025-02-17 14:35:00,2025-02-19 17:30:00,105722.0,1.0,349.15397371196013,flip,signal,109000.0,103285.6,2.9581676789165523
LONG,2025-02-20 09:05:00,2025-02-20 17:20:00,107012.0,1.0,547.1446971425903,flip,signal,-20000.0,-25726.84,-0.47020176078386405
LONG,2025-02-21 16:45:00,2025-02-21 20:55:00,106440.0,1.0,251.45407674599846,flip,signal,-26900.0,-32614.850000000002,-1.2970499592633478
LONG,2025-02-21 23:25:00,2025-02-24 16:20:00,106557.0,1.0,328.5351700145984,stop,signal,6570.703400291677,850.0534002916772,0.02587404569970105
LONG,2025-02-24 19:15:00,2025-02-24 20:00:00,106975.0,1.0,269.39853255226626,flip,re-entry,-26000.0,-31725.72,-1.1776500673345303
LONG,2025-02-25 12:50:00,2025-02-25 13:30:00,106993.0,1.0,252.8225121919968,flip,signal,-21400.0,-27126.620000000003,-1.072951129423146
LONG,2025-02-25 19:55:00,2025-02-25 20:50:00,107070.0,1.0,361.15201010310557,flip,signal,-48800.0,-54525.340000000004,-1.5097614986119978
LONG,2025-02-26 21:00:00,2025-02-27 10:20:00,106331.0,1.0,557.0936064786656,flip,signal,-16900.0,-22613.62,-0.40592137007169204
LONG,2025-02-28 14:55:00,2025-02-28 19:20:00,105307.0,1.0,331.6004328893323,flip,signal,-23500.0,-29192.629999999997,-0.880355605860825
LONG,2025-03-03 09:05:00,2025-03-04 20:05:00,105171.0,1.0,509.6189533469733,flip,signal,141100.0,135393.44,2.6567583311175946
LONG,2025-03-05 20:55:00,2025-03-05 22:29:00,106504.0,1.0,554.6179008460022,stop,signal,11092.358016919752,5371.878016919753,0.0968572779336117
LONG,2025-03-06 20:05:00,2025-03-06 20:51:00,106389.0,1.0,454.41364625946153,stop,signal,9088.272925189813,3371.6329251898123,0.07419743999643608
LONG,2025-03-07 14:25:00,2025-03-07 18:55:00,106611.0,1.0,252.80840376483684,flip,signal,-26100.0,-31818.420000000002,-1.2585981923922749
LONG,2025-03-07 19:15:00,2025-03-07 21:06:00,106648.0,1.0,386.4076505621633,stop,signal,7728.153011243558,2005.8430112435574,0.0519100232183645
LONG,2025-03-10 15:10:00,2025-03-10 22:20:00,106664.0,1.0,375.0790783673874,flip,signal,-35300.0,-41018.509999999995,-1.0935963205023833
LONG,2025-03-11 12:25:00,2025-03-12 15:20:00,106342.0,1.0,277.7385334496212,flip,signal,26100.0,20382.05,0.7338574790774247
LONG,2025-03-12 20:25:00,2025-03-14 20:35:00,106756.0,1.0,303.1675891982304,flip,signal,159800.0,154060.43,5.081691958148778
LONG,2025-03-17 15:05:00,2025-03-17 16:00:00,108534.0,1.0,215.4185238172795,stop,signal,4200.0,-1560.1599999999999,-0.07242459805004262
LONG,2025-03-17 16:25:00,2025-03-17 17:45:00,108688.0,1.0,235.41005573583243,flip,re-entry,-22600.0,-28360.1,-1.2047106446389253
LONG,2025-03-18 09:05:00,2025-03-18 15:24:00,108932.0,1.0,364.7087293083605,stop,signal,7294.174586166628,1525.9245861666273,0.0418395410787237
LONG,2025-03-18 18:10:00,2025-03-19 11:51:00,109314.0,1.0,331.7494537745515,stop,re-entry,4800.0,-976.1699999999997,-0.02942491657162999
LONG,2025-03-20 09:05:00,2025-03-20 12:35:00,109592.0,1.0,237.0074178353243,flip,signal,-24600.0,-30377.890000000003,-1.2817273939124951
LONG,2025-03-20 18:15:00,2025-03-21 09:05:00,109291.0,1.0,346.9376198157406,flip,signal,-32000.0,-37771.38,-1.088708108969574
LONG,2025-03-24 10:45:00,2025-03-24 13:50:00,108482.0,1.0,296.71348924876656,flip,signal,-30100.0,-35855.19,-1.2084111878694794
LONG,2025-03-25 09:40:00,2025-03-25 11:24:00,108077.0,1.0,263.21250839927234,stop,signal,5264.250167986029,-486.6498320139712,-0.01848885658867558
LONG,2025-03-25 15:15:00,2025-03-25 17:45:00,108251.0,1.0,216.4667150863388,flip,re-entry,-9100.0,-14852.48,-0.6861322764599637
LONG,2025-03-25 19:10:00,2025-03-25 19:47:00,108392.0,1.0,297.4921892264101,stop,signal,5949.843784527911,192.9137845279115,0.006484667211921052
LONG,2025-03-26 11:25:00,2025-03-26 14:17:00,108263.0,1.0,246.545058934993,stop,signal,4200.0,-1554.26,-0.06304162033155224
LONG,2025-03-26 16:55:00,2025-03-26 19:30:00,108358.0,1.0,263.8283799267083,flip,signal,-28000.0,-33753.45,-1.2793714614544778
LONG,2025-03-27 09:05:00,2025-03-27 10:15:00,108494.0,1.0,352.7272969362675,stop,signal,7054.5459387256415,1295.695938725641,0.03673364522620867
LONG,2025-03-27 14:35:00,2025-03-27 18:46:00,108723.0,1.0,268.60769791933126,stop,re-entry,5372.153958387207,-391.2060416127929,-0.014564215569513596
LONG,2025-03-27 20:10:00,2025-03-28 13:50:00,109054.0,1.0,469.2600287042296,flip,signal,23400.0,17627.260000000002,0.3756394945607077
LONG,2025-03-28 17:05:00,2025-04-01 21:28:00,109562.0,1.0,369.75831489979464,flip,signal,150100.0,144304.84,3.9026800530261756
LONG,2025-04-01 23:17:00,2025-04-02 10:20:00,111128.0,1.0,421.87100692119566,stop,signal,4400.0,-1410.3799999999999,-0.033431546061743346
LONG,2025-04-02 21:52:00,2025-04-03 11:04:00,111540.0,1.0,637.3770540474361,stop,signal,2200.0,-3620.17,-0.05679793423706422
LONG,2025-04-03 20:15:00,2025-04-04 16:52:00,111368.0,1.0,1694.6756186805287,flip,signal,-14600.0,-20397.739999999998,-0.1203636836168189
LONG,2025-04-10 21:00:00,2025-04-14 17:55:00,113462.0,1.0,896.4499612457294,flip,re-entry,102000.0,96143.8,1.0724948871256146
LONG,2025-04-15 13:45:00,2025-04-15 19:25:00,114595.0,1.0,371.34829588074354,flip,signal,-40800.0,-46664.76,-1.2566305142002356
LONG,2025-04-15 23:15:00,2025-04-17 12:40:00,114656.0,1.0,279.364777712879,flip,signal,196500.0,190610.71,6.823004373010215
LONG,2025-04-17 22:25:00,2025-04-22 14:05:00,116422.0,1.0,700.3099045245617,flip,signal,331500.0,325561.79000000004,4.64882458318254
LONG,2025-04-24 09:05:00,2025-04-24 19:15:00,116972.0,1.0,1164.9882683669275,flip,signal,-38000.0,-43912.53,-0.376935383749025
LONG,2025-04-24 23:25:00,2025-04-25 09:02:00,117122.0,1.0,546.1566243150737,stop,signal,10923.132486300892,5003.242486300892,0.09160819925191567
LONG,2025-04-28 17:35:00,2025-04-28 18:07:00,115832.0,1.0,456.51461512495007,stop,signal,9130.292302499583,3235.4723024995833,0.07087335641190853
LONG,2025-04-28 19:50:00,2025-04-29 09:00:00,116332.0,1.0,776.6282726163336,stop,re-entry,15532.565452327253,9626.975452327253,0.12395860145414933
LONG,2025-04-29 22:10:00,2025-04-30 09:05:00,116787.0,1.0,551.6863925810467,flip,signal,-42500.0,-48408.06,-0.8774561172974464
LONG,2025-04-30 18:15:00,2025-04-30 18:56:00,115499.0,1.0,843.7635189164139,stop,signal,16875.270378327696,10986.450378327696,0.13020769601933987
LONG,2025-06-04 09:09:00,2025-06-05 11:07:00,118192.0,1.0,1023.1254777436552,stop,signal,17400.0,11459.85,0.11200825557851345
LONG,2025-06-05 16:41:00,2025-06-05 20:45:00,119367.0,1.0,872.6597560878727,flip,re-entry,-87200.0,-93155.06,-1.0674843127591154
LONG,2025-06-09 12:55:00,2025-06-10 09:00:00,116835.0,1.0,414.10322929646645,stop,signal,-33200.0,-39134.52,-0.9450426181531334
LONG,2025-06-10 11:25:00,2025-06-10 20:15:00,116643.0,1.0,430.716792295716,flip,signal,26000.0,20062.5,0.4657933091734614
LONG,2025-06-11 09:05:00,2025-06-11 15:25:00,117160.0,1.0,441.3858604023699,flip,signal,-20700.0,-26643.19,-0.603625815646018
LONG,2025-06-11 18:05:00,2025-06-11 19:15:00,117413.0,1.0,616.4394568849239,flip,signal,-49900.0,-55845.299999999996,-0.9059332490201893
LONG,2025-06-12 09:05:00,2025-06-12 13:10:00,117911.0,1.0,971.567300557188,flip,signal,-38400.0,-44356.51,-0.4565459333034553
LONG,2025-06-12 15:50:00,2025-06-12 17:07:00,117978.0,1.0,602.8143894734676,stop,signal,8500.0,2538.6199999999994,0.04211279697913938
LONG,2025-06-12 18:10:00,2025-06-13 21:40:00,118403.0,1.0,677.0943656525924,flip,re-entry,152300.0,146314.78999999998,2.1609216886479317
LONG,2025-06-17 10:25:00,2025-06-17 17:22:00,119172.0,1.0,420.453963374297,stop,signal,6100.0,113.67999999999938,0.0027037442836232474
LONG,2025-06-18 10:15:00,2025-06-18 12:55:00,119596.0,1.0,473.83689860127924,flip,signal,-46000.0,-51989.13,-1.097194628646838
LONG,2025-06-18 18:55:00,2025-06-19 09:05:00,119554.0,1.0,372.120458982914,flip,signal,-36200.0,-42189.27,-1.1337530356517467
LONG,2025-06-19 13:20:00,2025-06-19 17:09:00,119173.0,1.0,563.9489826662611,stop,signal,11278.979653325223,5292.499653325222,0.09384713539694894
LONG,2025-06-20 19:10:00,2025-06-20 19:30:00,118853.0,1.0,496.4832924602815,stop,signal,9929.665849205048,3949.655849205048,0.07955264374824897
LONG,2025-06-23 14:45:00,2025-06-23 17:40:00,119202.0,1.0,449.94558985487674,stop,signal,5700.0,-286.5900000000004,-0.006369436804401965
LONG,2025-06-23 19:15:00,2025-06-23 22:11:00,119473.0,1.0,483.4573213465774,stop,signal,9669.146426931547,3676.3864269315477,0.07604366020751699
LONG,2025-06-25 09:05:00,2025-06-25 18:45:00,117248.0,1.0,442.43893612807733,flip,signal,-22100.0,-28044.72,-0.6338664550057052
LONG,2025-06-25 22:10:00,2025-06-26 09:05:00,117324.0,1.0,288.14124786639877,stop,signal,5762.824957327393,-186.0850426726067,-0.006458118858390173
LONG,2025-06-26 13:00:00,2025-06-26 17:10:00,117408.0,1.0,341.5955051701749,flip,signal,-26900.0,-32847.81,-0.9615995966819291
LONG,2025-07-21 21:00:00,2025-07-22 12:00:00,119365.0,1.0,375.5979603517044,flip,re-entry,-35100.0,-41085.91,-1.0938800083346503
LONG,2025-07-22 13:55:00,2025-07-23 18:30:00,119316.0,1.0,275.13379537405854,flip,signal,76100.0,70103.58,2.5479814249896338
LONG,2025-07-24 19:20:00,2025-07-24 20:17:00,118667.0,1.0,514.506688359208,stop,signal,10290.133767183579,4313.2737671835785,0.08383319138063804
LONG,2025-07-28 10:26:00,2025-07-28 11:34:00,117920.0,1.0,240.85846099707123,stop,signal,2800.0,-3160.87,-0.13123350481087875
LONG,2025-08-04 21:45:00,2025-08-05 09:27:00,120561.0,1.0,577.6691195524036,stop,re-entry,-5800.0,-11812.6,-0.20448730250896532
LONG,2025-08-05 19:42:00,2025-08-06 14:05:00,120458.0,1.0,956.5492671626998,flip,signal,25000.0,18986.2,0.198486378608773
LONG,2025-08-06 19:30:00,2025-08-07 13:40:00,121055.0,1.0,499.42210513495957,flip,signal,56000.0,49971.47,1.0005858668689913
LONG,2025-08-08 09:05:00,2025-08-08 16:05:00,121916.0,1.0,804.8784963333019,flip,signal,-29300.0,-35337.18,-0.43903744678211404
LONG,2025-08-08 18:05:00,2025-08-11 09:00:00,122085.0,1.0,589.4318158121896,flip,signal,-98400.0,-104437.75,-1.7718376782239553
LONG,2025-08-12 18:20:00,2025-08-12 19:50:00,120243.0,1.0,537.3437985634373,flip,signal,-54400.0,-60401.1,-1.1240680577589137
LONG,2025-08-13 11:55:00,2025-08-13 14:00:00,120343.0,1.0,299.21916213406075,flip,signal,-23600.0,-29606.579999999998,-0.9894613629970397
LONG,2025-08-14 12:55:00,2025-08-14 13:20:00,120193.0,1.0,281.9635356403742,flip,signal,-32600.0,-38605.35,-1.3691610836246062
LONG,2025-08-19 15:55:00,2025-08-19 18:40:00,119068.0,1.0,271.71738687789184,flip,signal,-28700.0,-34683.71,-1.2764626658060219
LONG,2025-08-27 22:05:00,2025-08-28 12:36:00,121245.0,1.0,312.0671557412279,stop,re-entry,6200.0,169.4199999999995,0.005428959660864979
LONG,2025-08-28 14:20:00,2025-08-28 18:01:00,121429.0,1.0,265.3474465324107,stop,re-entry,5306.948930647923,-727.3210693520774,-0.027410140133503763
LONG,2025-08-28 19:25:00,2025-09-01 14:50:00,121672.0,1.0,288.2399892855756,flip,re-entry,278700.0,272633.76,9.45856821170939
LONG,2025-09-02 09:05:00,2025-09-02 12:00:00,124987.0,1.0,511.91272908962856,flip,signal,-29000.0,-35101.8,-0.6856989093126102
LONG,2025-09-02 17:35:00,2025-09-04 09:05:00,124907.0,1.0,489.99590461271873,flip,signal,71600.0,65489.75,1.336536680888416
LONG,2025-09-04 13:35:00,2025-09-04 19:15:00,126231.0,1.0,424.6744766731572,stop,signal,8493.489533463435,2364.059533463435,0.055667568062558404
LONG,2025-09-05 09:05:00,2025-09-05 11:47:00,126543.0,1.0,555.0898963376676,stop,signal,11101.797926753352,4964.917926753352,0.08944349301816755
LONG,2025-09-05 18:05:00,2025-09-05 19:58:00,127125.0,1.0,671.0289759620937,stop,signal,13420.579519242165,7273.549519242164,0.10839397074938006
LONG,2025-09-05 21:55:00,2025-09-08 09:05:00,127551.0,1.0,696.7225413217966,flip,re-entry,-56800.0,-62950.149999999994,-0.9035182051175389
LONG,2025-09-08 12:45:00,2025-09-09 12:00:00,127397.0,1.0,436.58590604073834,flip,signal,123900.0,117735.01000000001,2.696720356085293
LONG,2025-09-09 19:00:00,2025-09-09 19:33:00,129250.0,1.0,467.929675942476,stop,signal,9358.593518850103,3169.363518850102,0.06773162040784353
LONG,2025-09-10 15:55:00,2025-09-10 18:20:00,129057.0,1.0,344.01717308547813,flip,signal,-27500.0,-33683.38,-0.9791191439047919
LONG,2025-09-11 18:05:00,2025-09-12 13:45:00,128812.0,1.0,692.888641626254,flip,signal,17700.0,11517.289999999999,0.16622137105564588
LONG,2025-09-15 18:55:00,2025-09-16 18:35:00,129039.0,1.0,350.2146599931002,flip,signal,100200.0,94004.54,2.6841977432313096
LONG,2025-09-17 18:10:00,2025-09-17 19:15:00,129357.0,1.0,392.59505203294975,stop,signal,7851.901040658413,1658.841040658413,0.04225323350532675
LONG,2025-09-17 21:40:00,2025-09-18 09:05:00,129623.0,1.0,380.5288291307661,flip,re-entry,-46800.0,-52992.740000000005,-1.3926077590770243
LONG,2025-09-18 13:15:00,2025-09-18 18:35:00,129087.0,1.0,592.5368507369276,stop,signal,11850.737014738843,5663.017014738843,0.09557240208260209
LONG,2025-09-19 09:05:00,2025-09-19 11:02:00,129160.0,1.0,483.04397426889045,stop,signal,9660.879485377518,3472.0794853775174,0.07187915946229681
LONG,2025-09-19 19:25:00,2025-09-22 17:55:00,129177.0,1.0,400.7041745662573,flip,signal,184200.0,177993.2,4.442010123619724
LONG,2025-09-22 21:00:00,2025-09-23 19:50:00,131553.0,1.0,553.038309352065,flip,signal,179900.0,173646.24,3.139859157378129
LONG,2025-09-25 11:45:00,2025-09-25 16:36:00,132526.0,1.0,514.0536616082827,stop,signal,10281.073232166818,4024.9032321668183,0.07829733611028843
LONG,2025-09-26 11:50:00,2025-09-26 18:52:00,132877.0,1.0,530.1061104405671,stop,signal,10602.12220881076,4339.292208810761,0.0818570494349595
LONG,2025-09-26 19:36:00,2025-09-26 21:49:00,133167.0,1.0,478.0048043100105,stop,re-entry,8400.0,2131.0,0.04458114187944308
LONG,2025-09-29 09:05:00,2025-09-30 13:43:00,134334.0,1.0,826.9922623196617,flip,re-entry,135600.0,129295.5,1.5634426812813724
LONG,2025-09-30 22:57:00,2025-10-03 09:55:00,136275.0,1.0,1637.2308180512628,stop,signal,8100.0,1772.22,0.010824496952173244
LONG,2025-10-03 21:40:00,2025-10-07 12:15:00,137277.0,1.0,1564.843540970498,flip,signal,142300.0,129515.15,0.8276555873418258
LONG,2025-10-07 16:25:00,2025-10-07 17:50:00,138865.0,1.0,532.1638810148579,stop,signal,10643.277620297158,4231.727620297159,0.07951925659116668
LONG,2025-10-07 18:25:00,2025-10-07 18:52:00,139240.0,1.0,560.8594497391023,stop,re-entry,11000.0,4581.2699999999995,0.08168303132150294
LONG,2025-10-07 20:50:00,2025-10-09 09:05:00,139554.0,1.0,694.6854957200703,flip,re-entry,140400.0,133961.36,1.9283742186259911
LONG,2025-10-09 18:25:00,2025-10-09 18:45:00,141731.0,1.0,521.7138007463655,stop,signal,10434.276014927309,3964.64601492731,0.0759927379581578
LONG,2025-10-10 14:35:00,2025-10-10 14:47:00,139630.0,1.0,704.0469256416254,stop,signal,14080.938512831926,7654.688512831926,0.10872412383387528
LONG,2025-10-10 20:40:00,2025-10-10 22:40:00,140251.0,1.0,1371.4028964789468,flip,signal,-99000.0,-105429.06,-0.7687679548489164
LONG,2025-10-13 09:05:00,2025-10-14 11:15:00,141520.0,1.0,1586.9950922195567,flip,signal,192000.0,185517.11000000002,1.1689835142497982
LONG,2025-10-14 22:20:00,2025-10-15 14:45:00,144542.0,1.0,1056.6869351721543,flip,signal,79800.0,73267.62,0.6933711164703983
LONG,2025-10-15 19:40:00,2025-10-16 09:08:00,145859.0,1.0,995.2058811526222,stop,signal,19904.117623053025,13350.827623053025,0.13415141405304434
LONG,2025-10-16 19:35:00,2025-10-17 13:40:00,146908.0,1.0,776.8363898558891,flip,re-entry,231000.0,224404.88999999998,2.8887020861835437
LONG,2025-10-20 09:30:00,2025-10-20 19:31:00,146767.0,1.0,2249.9193469747843,stop,signal,44998.386939495686,38425.07693949569,0.17078424162697922
LONG,2025-10-20 20:35:00,2025-10-20 23:03:00,148410.0,1.0,1435.7934019266977,stop,re-entry,28715.86803853279,22110.77803853279,0.15399693304665027
LONG,2025-11-13 13:35:00,2025-11-13 14:33:00,145696.0,1.0,674.8206581849081,stop,re-entry,13400.0,6851.45,0.10152993861255843
LONG,2025-11-13 18:30:00,2025-11-13 19:40:00,146182.0,1.0,647.9501117922773,flip,re-entry,-77100.0,-83648.96,-1.2909784021584758
LONG,2025-11-14 22:10:00,2025-11-17 10:50:00,142423.0,1.0,1804.0025622710236,flip,signal,-145500.0,-151967.2,-0.8423890474340096
LONG,2025-11-17 13:21:00,2025-11-17 16:35:00,141655.0,1.0,882.0239969599934,flip,signal,-65200.0,-71660.43999999999,-0.8124545391847241
LONG,2025-12-08 09:00:00,2025-12-08 19:00:00,147352.0,1.0,1108.5365685525758,flip,re-entry,-22300.0,-28892.5,-0.26063641759446105
LONG,2025-12-09 14:35:00,2025-12-09 15:01:00,146830.0,1.0,651.5462088421045,stop,signal,13030.924176840927,6432.1741768409265,0.09872168833998538
LONG,2025-12-09 21:30:00,2025-12-10 15:30:00,147220.0,1.0,864.4998405867373,flip,signal,-46900.0,-53501.13,-0.6188680146394094
LONG,2025-12-11 09:05:00,2025-12-11 18:46:00,147286.0,1.0,703.9875356895791,stop,signal,14079.750713790418,7470.140713790417,0.10611183202942885
LONG,2025-12-11 20:05:00,2025-12-11 20:17:00,148041.0,1.0,587.6111327497929,stop,re-entry,11752.222654994694,5130.162654994693,0.08730540265613274
LONG,2025-12-11 21:05:00,2025-12-11 21:27:00,148321.0,1.0,789.3211022842734,stop,re-entry,15786.42204568605,9155.77204568605,0.11599553108601175
LONG,2025-12-11 21:55:00,2025-12-12 20:55:00,148772.0,1.0,776.5055971816473,flip,re-entry,192900.0,186243.69,2.3984848361167983
LONG,2025-12-15 09:05:00,2025-12-15 19:30:00,151521.0,1.0,1861.5021005621238,stop,signal,37230.04201124131,30533.51201124131,0.16402620229126255
LONG,2025-12-16 17:50:00,2025-12-16 22:05:00,151020.0,1.0,571.1588229360932,flip,signal,28100.0,21415.010000000002,0.37493966896833036
LONG,2025-12-17 09:15:00,2025-12-17 09:25:00,152107.0,1.0,902.8829431023914,flip,signal,-121800.0,-128491.13,-1.4231205825917177
LONG,2025-12-17 19:05:00,2025-12-17 19:40:00,151621.0,1.0,646.1875527988013,stop,signal,12923.751055976027,6232.151055976027,0.09644492576471039
LONG,2025-12-17 21:05:00,2025-12-18 12:22:00,151925.0,1.0,713.9450177367544,flip,re-entry,-72100.0,-78793.03,-1.1036288235441198
LONG,2025-12-18 19:10:00,2025-12-18 20:15:00,151447.0,1.0,549.6381714413583,flip,signal,-65500.0,-72184.07999999999,-1.3133018001771266
LONG,2025-12-18 21:35:00,2025-12-18 22:36:00,151588.0,1.0,896.6622512346366,stop,signal,17933.245024693315,11243.465024693314,0.12539242071595974
LONG,2025-12-19 21:30:00,2025-12-23 19:35:00,151091.0,1.0,717.6271390311304,flip,signal,365600.0,358879.87,5.00092388485369
LONG,2025-12-23 22:35:00,2025-12-24 13:29:00,154971.0,1.0,1164.6875664823456,stop,signal,23293.75132964633,16530.39132964633,0.14192983427798014
LONG,2025-12-26 09:05:00,2025-12-29 11:55:00,155746.0,1.0,968.395805272623,flip,signal,61500.0,54717.25,0.5650298122119187
LONG,2025-12-30 11:10:00,2025-12-30 19:02:00,153157.0,1.0,1178.0767972135218,stop,signal,23561.5359442716,16832.985944271597,0.14288530241904668
LONG,2025-12-31 19:20:00,2025-12-31 20:36:00,152813.0,1.0,1059.0974192431022,stop,signal,20600.0,13880.099999999999,0.13105593260646026
LONG,2026-01-01 14:35:00,2026-01-01 15:07:00,152597.0,1.0,366.83160623247386,stop,signal,7336.632124648895,621.332124648896,0.01693780236196813
LONG,2026-01-02 09:05:00,2026-01-02 19:00:00,153706.0,1.0,831.0325829626236,flip,re-entry,-31000.0,-37732.74,-0.45404645706529495
LONG,2026-01-05 09:05:00,2026-01-05 16:55:00,154274.0,1.0,1529.3210076220275,stop,signal,30586.420152441133,23837.370152441134,0.15586897736732425
LONG,2026-01-05 20:20:00,2026-01-06 15:31:00,154850.0,1.0,958.8700157120766,stop,signal,19177.400314240367,12417.220314240367,0.12949847331516653
LONG,2026-01-06 20:05:00,2026-01-06 20:32:00,155696.0,1.0,675.675868041697,stop,signal,13513.517360834521,6737.677360834522,0.09971759655058052
LONG,2026-01-06 23:45:00,2026-01-07 09:30:00,156031.0,1.0,595.1647871730092,flip,re-entry,-64500.0,-71275.95999999999,-1.1975836194637082
LONG,2026-01-07 22:05:00,2026-01-08 09:35:00,155217.0,1.0,939.2092779164668,flip,signal,-94000.0,-100756.36,-1.0727785848061144
LONG,2026-01-08 20:40:00,2026-01-08 20:49:00,154221.0,1.0,756.2345125532302,stop,signal,15124.690251064021,8378.350251064021,0.11079037139916675
LONG,2026-01-08 21:15:00,2026-01-09 18:05:00,154621.0,1.0,950.8002557223372,flip,re-entry,45700.0,38942.26,0.4095735120560625
LONG,2026-01-09 19:05:00,2026-01-09 23:21:00,155620.0,1.0,989.8063650789845,stop,signal,19796.12730157969,13022.077301579691,0.13156186665399505
LONG,2026-01-12 09:05:00,2026-01-12 20:00:00,157782.0,1.0,1878.935459790926,flip,re-entry,65700.0,58876.67,0.3133512100865421
LONG,2026-01-12 21:05:00,2026-01-13 12:10:00,159281.0,1.0,1142.20975511914,flip,signal,-87100.0,-93938.71,-0.8224295894776488
LONG,2026-01-13 18:40:00,2026-01-13 23:49:00,158880.0,1.0,576.5522393997235,stop,signal,11531.044787995052,4690.924787995052,0.08136166105050603
LONG,2026-01-14 09:10:00,2026-01-14 11:26:00,159889.0,1.0,1022.0787018231931,stop,re-entry,20441.574036463862,13581.544036463862,0.13288158741823874
LONG,2026-01-14 18:30:00,2026-01-14 20:10:00,160497.0,1.0,530.0895099808404,flip,re-entry,-64700.0,-71564.79,-1.3500510508609507
LONG,2026-01-15 20:50:00,2026-01-16 09:05:00,159936.0,1.0,1008.286064294196,flip,signal,-61400.0,-68254.49,-0.6769357667139672
LONG,2026-01-19 09:05:00,2026-01-20 14:40:00,161296.0,1.0,1722.0518442807952,flip,signal,468100.0,461165.30000000005,2.6779989320972097
LONG,2026-01-21 09:05:00,2026-01-21 20:20:00,170107.0,1.0,2363.1991376347723,flip,signal,415500.0,408394.94,1.7281444187083848
LONG,2026-01-22 21:00:00,2026-01-22 22:03:00,169187.0,1.0,1734.2372810120287,stop,signal,34684.745620240574,27629.535620240575,0.15931808134188608
LONG,2026-01-22 23:00:00,2026-01-23 13:55:00,171376.0,1.0,2202.9759226322058,flip,re-entry,140700.0,133596.03,0.606434362843031
LONG,2026-01-23 18:20:00,2026-01-23 23:45:00,174318.0,1.0,1602.6269987743872,flip,signal,-157500.0,-164632.47,-1.0272662954380718
LONG,2026-01-27 09:05:00,2026-01-27 13:36:00,175057.0,1.0,2295.7939184832503,stop,signal,45915.878369665006,38747.128369665006,0.16877441854739236
LONG,2026-01-28 09:05:00,2026-01-28 09:27:00,177259.0,1.0,1654.7780954337795,stop,signal,31200.0,23984.649999999998,0.14494179048044942
LONG,2026-01-28 11:40:00,2026-01-29 13:50:00,179380.0,1.0,1790.9979264909925,flip,re-entry,1209200.0,1201827.74,6.710380409846021
LONG,2026-01-30 16:05:00,2026-01-30 16:33:00,178121.0,1.0,8050.752277084306,stop,signal,161015.04554168496,153772.44554168495,0.1910038220644094
SHORT,2026-02-02 09:25:00,2026-02-02 13:09:00,155177.0,1.0,6072.650613727514,stop,signal,55400.0,48632.979999999996,0.0800852594583045
SHORT,2026-02-02 22:05:00,2026-02-02 23:43:00,159528.0,1.0,3987.5035752186377,stop,signal,43100.0,36259.32,0.09093238241927314
SHORT,2026-02-04 20:05:00,2026-02-04 20:13:00,165102.0,1.0,2557.122511740454,stop,signal,51142.450234809075,43991.370234809074,0.1720346601808579
SHORT,2026-02-04 21:00:00,2026-02-06 11:20:00,162808.0,1.0,4178.073203625652,flip,re-entry,220700.0,213616.55999999997,0.5112800795702374
SHORT,2026-02-09 16:10:00,2026-02-09 21:05:00,164002.0,1.0,1386.4218336700578,flip,signal,-132700.0,-139843.71000000002,-1.0086663856830185
SHORT,2026-02-10 09:05:00,2026-02-10 15:55:00,164810.0,1.0,1810.227050167392,flip,signal,-79200.0,-86354.90999999999,-0.47703910949742323
SHORT,2026-02-10 20:20:00,2026-02-10 21:19:00,165090.0,1.0,1528.25224883185,stop,signal,30565.044976637,23417.064976637,0.1532277475432233
SHORT,2026-02-11 18:15:00,2026-02-11 19:01:00,166301.0,1.0,1348.2218723092228,stop,signal,26964.437446184456,19791.537446184455,0.1467973324916149
SHORT,2026-02-12 18:20:00,2026-02-12 20:37:00,165087.0,1.0,669.8031562357792,stop,re-entry,13396.06312471442,6245.103124714418,0.09323788737890126
SHORT,2026-02-12 21:45:00,2026-02-12 22:06:00,161718.0,1.0,3440.458700286923,stop,re-entry,68809.17400573962,61724.65400573963,0.17940821088941422
SHORT,2026-02-13 16:55:00,2026-02-13 19:05:00,160901.0,1.0,1197.3536772829539,flip,signal,-155900.0,-162983.59,-1.3611983918556452
SHORT,2026-02-16 09:20:00,2026-02-16 21:41:00,162151.0,1.0,1787.9003617615672,stop,signal,35758.007235231344,28667.927235231342,0.16034409885674866
SHORT,2026-02-17 09:05:00,2026-02-17 17:40:00,161102.0,1.0,1127.8077274902607,stop,re-entry,22556.154549805797,15485.944549805796,0.13731014757512847
SHORT,2026-02-17 19:05:00,2026-02-17 20:01:00,160110.0,1.0,1001.5159372865455,stop,signal,20030.318745732075,12983.948745732072,0.12964295686507096
SHORT,2026-02-19 15:40:00,2026-02-19 20:22:00,163451.0,1.0,1223.154098494153,stop,signal,24463.081969882478,17342.321969882476,0.1417836231038503
SHORT,2026-02-20 20:40:00,2026-02-23 09:05:00,163411.0,1.0,1546.2855679963832,flip,signal,-391200.0,-398357.97000000003,-2.576225105147795
SHORT,2026-02-23 14:00:00,2026-02-23 16:25:00,166331.0,1.0,1070.8722653620644,flip,signal,-105000.0,-112187.06,-1.047623172517866
SHORT,2026-02-24 09:35:00,2026-02-24 18:40:00,167876.0,1.0,1510.560406205972,stop,signal,30211.208124118275,23006.618124118275,0.152305184417638
SHORT,2026-02-24 19:10:00,2026-02-24 20:08:00,166951.0,1.0,1170.944341237715,stop,re-entry,23418.886824755464,16231.906824755464,0.13862236020200555
SHORT,2026-02-25 16:45:00,2026-02-25 20:35:00,167893.0,1.0,920.7637785993866,flip,signal,-87800.0,-95016.85,-1.031935141329454
SHORT,2026-02-26 12:00:00,2026-02-26 21:25:00,168051.0,1.0,564.3121249478136,flip,signal,80100.0,72896.75,1.291780679118694
SHORT,2026-03-16 13:10:00,2026-03-16 14:22:00,163508.0,1.0,1166.4945182457159,stop,re-entry,23329.8903649149,16211.600364914899,0.13897708142937035
SHORT,2026-03-16 15:30:00,2026-03-16 16:50:00,162740.0,1.0,1084.745906786702,flip,re-entry,-93300.0,-100413.51,-0.925686922363697
SHORT,2026-03-16 21:30:00,2026-03-17 09:05:00,163045.0,1.0,1354.502600427746,flip,signal,-125600.0,-132722.05,-0.9798582148021491
SHORT,2026-03-17 11:40:00,2026-03-17 16:45:00,163869.0,1.0,1197.5498756883026,stop,signal,21800.0,14673.81,0.12253193205473882
SHORT,2026-03-17 21:10:00,2026-03-18 12:05:00,162837.0,1.0,1261.8778580658254,flip,re-entry,-73400.0,-80514.34000000001,-0.6380517693163296
SHORT,2026-03-18 16:35:00,2026-03-18 17:01:00,162579.0,1.0,862.8654999381979,stop,signal,17257.309998763958,10158.279998763957,0.11772727035084306
SHORT,2026-03-18 17:10:00,2026-03-18 17:35:00,162046.0,1.0,1207.6437641116208,stop,re-entry,24152.875282231253,17068.08528223125,0.14133377565019806
SHORT,2026-03-18 17:40:00,2026-03-19 19:30:00,161335.0,1.0,1526.9472259915783,flip,re-entry,853800.0,846809.57,5.545768416783976
SHORT,2026-03-20 12:15:00,2026-03-20 13:45:00,153291.0,1.0,2134.0219999473193,flip,signal,-217700.0,-224637.84,-1.052650066426426
SHORT,2026-03-20 15:35:00,2026-03-23 14:50:00,153849.0,1.0,2114.5641579726653,flip,signal,1104800.0,1097984.1,5.192484209382847
SHORT,2026-03-24 10:40:00,2026-03-24 12:30:00,143985.0,1.0,3011.813647214847,flip,signal,-294300.0,-301058.62,-0.9995924557895599
SHORT,2026-03-24 18:10:00,2026-03-25 09:05:00,145551.0,1.0,2828.4147190970834,flip,signal,-561800.0,-568617.18,-2.010374137006047
SHORT,2026-03-25 19:40:00,2026-03-27 09:15:00,151531.0,1.0,1510.965592332679,flip,signal,283100.0,276248.05,1.8282881582599049
SHORT,2026-03-27 16:21:00,2026-03-27 19:35:00,148901.0,1.0,1429.4329800190462,flip,signal,-140000.0,-146840.1,-1.0272611731544312
SHORT,2026-03-30 09:05:00,2026-03-30 12:40:00,151011.0,1.0,1962.8628112823353,flip,signal,-179200.0,-186088.31,-0.9480454208535786
SHORT,2026-03-31 17:19:00,2026-03-31 17:27:00,154053.0,1.0,139.85256978226244,flip,signal,25000.0,18076.49,1.2925389950390922
SHORT,2026-04-02 09:18:00,2026-04-06 09:31:00,154307.0,1.0,3770.629088828253,stop,signal,75412.58177656564,61461.14177656564,0.16299970198252803
SHORT,2026-04-06 18:50:00,2026-04-06 22:47:00,154355.0,1.0,1213.7299814191356,stop,signal,24274.599628383294,17273.999628383295,0.14232160276856579
SHORT,2026-04-07 11:00:00,2026-04-07 13:55:00,153764.0,1.0,1220.5014803229424,flip,re-entry,-106300.0,-113300.52,-0.9283112050795784
SHORT,2026-04-07 16:45:00,2026-04-07 19:53:00,153805.0,1.0,1322.3538128922228,stop,signal,26447.076257845038,19458.846257845038,0.14715309978412724
SHORT,2026-04-08 15:15:00,2026-04-09 14:40:00,157305.0,1.0,1153.5895166957052,flip,signal,95600.0,88548.92,0.767594700874501
SHORT,2026-04-10 11:45:00,2026-04-10 12:36:00,156782.0,1.0,793.2189553188218,stop,signal,15864.3791063776,8815.569106377601,0.11113664199860582
SHORT,2026-04-10 14:20:00,2026-04-10 17:11:00,156089.0,1.0,931.2885139215214,flip,re-entry,-79400.0,-86445.06999999999,-0.9282308189971366
SHORT,2026-04-13 09:05:00,2026-04-13 17:32:00,155946.0,1.0,1063.2966506179946,stop,signal,21265.933012359892,14234.863012359892,0.13387480346229344
SHORT,2026-04-15 15:00:00,2026-04-15 15:19:00,158336.0,1.0,929.38532519195,stop,signal,18587.70650383958,11507.89650383958,0.12382266205314578
SHORT,2026-04-15 20:35:00,2026-04-15 21:07:00,158455.0,1.0,891.057310802018,stop,signal,17821.14621603978,10739.146216039779,0.12052138606408769
SHORT,2026-04-16 15:10:00,2026-04-17 17:20:00,158520.0,1.0,658.1814269014867,flip,signal,73500.0,66421.81,1.0091717463480125
SHORT,2026-04-20 09:05:00,2026-04-20 17:25:00,157355.0,1.0,1192.5401656233298,flip,signal,-73200.0,-80269.48999999999,-0.6730967418446981
SHORT,2026-04-21 12:00:00,2026-04-21 18:53:00,157698.0,1.0,667.5461343918287,stop,signal,13350.922687837738,6283.482687837739,0.09412806642288982
SHORT,2026-04-21 20:10:00,2026-04-21 20:11:00,157325.0,1.0,835.5668016331911,stop,re-entry,16711.336032664985,9652.736032664985,0.11552321147510693
SHORT,2026-04-21 20:15:00,2026-04-21 20:39:00,157006.0,1.0,1114.2312053560745,stop,re-entry,22284.624107120908,15230.444107120908,0.13669015940236318
SHORT,2026-04-21 22:00:00,2026-04-22 09:05:00,156159.0,1.0,1303.0063657374994,flip,re-entry,-131600.0,-138651.27,-1.0640874338439905
SHORT,2026-04-22 17:15:00,2026-04-22 18:54:00,157222.0,1.0,551.6478555237118,stop,signal,10100.0,3042.060000000001,0.05514496194518864
SHORT,2026-04-22 20:05:00,2026-04-22 21:39:00,156849.0,1.0,700.1375413156347,stop,re-entry,14002.750826312695,6951.700826312694,0.09929050245255655
SHORT,2026-04-23 09:05:00,2026-04-23 16:28:00,156195.0,1.0,841.4092144831375,stop,re-entry,11100.0,4062.0599999999995,0.04827686612031281
SHORT,2026-04-23 23:10:00,2026-04-23 23:23:00,156356.0,1.0,866.6635016361834,stop,signal,17333.27003272425,10294.450032724248,0.11878254955111464
SHORT,2026-04-24 09:35:00,2026-04-24 16:45:00,155405.0,1.0,1339.9618731058144,flip,re-entry,-78900.0,-85931.14,-0.6412954108972186
SHORT,2026-04-27 11:25:00,2026-04-27 14:14:00,156655.0,1.0,548.7101269089326,stop,signal,10000.0,2953.0,0.05381712228704864
SHORT,2026-04-27 15:00:00,2026-04-27 18:40:00,156356.0,1.0,575.2358363775129,stop,re-entry,11504.71672755084,4464.54672755084,0.0776124581470072
SHORT,2026-04-27 19:10:00,2026-04-27 23:04:00,156055.0,1.0,666.6994695876201,stop,re-entry,10100.0,3065.129999999999,0.04597468784392318
SHORT,2026-04-28 10:40:00,2026-04-28 11:01:00,155457.0,1.0,538.1753193098702,stop,re-entry,10763.50638619624,3741.886386196241,0.06952913394457876
SHORT,2026-04-28 11:10:00,2026-04-28 13:59:00,154939.0,1.0,914.2717260607751,stop,re-entry,18285.434521216666,11271.784521216667,0.12328702944563538
SHORT,2026-04-28 15:15:00,2026-04-28 18:20:00,154442.0,1.0,679.8795716404566,flip,re-entry,28400.0,21399.2,0.3147498600136882
SHORT,2026-04-29 12:50:00,2026-04-29 13:51:00,153657.0,1.0,824.7121048603731,stop,signal,16494.24209720746,9507.892097207461,0.11528740806850633
SHORT,2026-04-29 15:25:00,2026-04-29 20:03:00,153062.0,1.0,792.0557209598774,stop,re-entry,15841.11441919813,8866.314419198128,0.11194053883549013
SHORT,2026-04-30 19:25:00,2026-05-01 17:54:00,155250.0,1.0,929.5297625249368,stop,signal,18590.595250498154,11572.815250498154,0.1245018257302728
SHORT,2026-05-04 10:45:00,2026-05-04 11:11:00,154975.0,1.0,757.4412882858887,stop,signal,15148.825765718357,8135.285765718356,0.10740483640822829
SHORT,2026-05-04 13:30:00,2026-05-04 16:31:00,154405.0,1.0,796.9496377342439,stop,re-entry,15938.992754684296,8937.482754684295,0.11214614238477949
SHORT,2026-05-04 20:55:00,2026-05-05 17:55:00,153454.0,1.0,1363.637155464472,flip,signal,-90100.0,-97092.59,-0.7120119132198993
SHORT,2026-05-05 22:40:00,2026-05-06 09:05:00,153865.0,1.0,628.3074917052872,flip,signal,-215700.0,-222713.54,-3.5446583550282673
SHORT,2026-05-06 17:35:00,2026-05-06 17:50:00,156265.0,1.0,995.2043942507589,stop,signal,19904.08788501518,12862.567885015178,0.1292454892615178
SHORT,2026-05-07 14:05:00,2026-05-07 21:55:00,157123.0,1.0,1096.4427060901653,stop,signal,21928.854121803306,14873.514121803306,0.135652451689347
SHORT,2026-05-07 23:00:00,2026-05-08 19:05:00,156363.0,1.0,1088.1616533169,flip,re-entry,-106300.0,-113352.87000000001,-1.0416914587504658
SHORT,2026-05-08 21:15:00,2026-05-11 10:11:00,156581.0,1.0,1080.471460848261,stop,signal,21609.429216964054,14564.089216964056,0.13479383532749695
SHORT,2026-05-11 11:20:00,2026-05-11 11:33:00,156143.0,1.0,874.0024019459961,stop,re-entry,17000.0,9963.18,0.11399488122477285
SHORT,2026-05-12 12:00:00,2026-05-12 21:00:00,157536.0,1.0,944.3585944827355,stop,signal,18887.171889655292,11822.031889655293,0.12518583468953032
SHORT,2026-06-09 13:35:00,2026-06-09 19:20:00,157179.0,1.0,776.1614241683565,flip,signal,-51200.0,-58297.23,-0.7510967201502506
SHORT,2026-06-09 19:50:00,2026-06-10 19:15:00,156629.0,1.0,1300.6088638247747,flip,signal,421100.0,414062.51,3.1836051676777193
SHORT,2026-06-10 20:50:00,2026-06-11 11:04:00,150784.0,1.0,1799.0692385333532,stop,signal,35981.38477066823,29021.59477066823,0.16131449612427018
SHORT,2026-06-12 19:30:00,2026-06-12 20:55:00,152399.0,1.0,955.5444262428791,flip,signal,-110500.0,-117506.40000000001,-1.2297324621736883
SHORT,2026-06-15 22:50:00,2026-06-16 13:01:00,155688.0,1.0,678.4138594690885,stop,signal,13568.277189382934,6508.7171893829345,0.09594021552679527
SHORT,2026-06-16 19:30:00,2026-06-16 20:46:00,155571.0,1.0,663.8563061005843,stop,signal,11400.0,4343.16,0.06542319414740855
SHORT,2026-06-17 10:00:00,2026-06-17 19:15:00,155170.0,1.0,766.7130922631186,flip,signal,-41100.0,-48153.91,-0.6280564462237547
SHORT,2026-06-18 09:05:00,2026-06-19 12:40:00,155421.0,1.0,1170.0666904691898,flip,signal,549600.0,542599.46,4.637337892102721
SHORT,2026-06-19 16:45:00,2026-06-19 18:30:00,149463.0,1.0,951.1626105854521,flip,signal,-106000.0,-112947.34000000001,-1.1874661466190262
SHORT,2026-06-22 19:00:00,2026-06-22 22:28:00,151109.0,1.0,720.1790772052191,stop,signal,14403.581544104964,7435.701544104964,0.10324795289750023
SHORT,2026-06-23 09:05:00,2026-06-23 10:35:00,149529.0,1.0,1149.7187676532194,stop,re-entry,22994.37535306497,16060.47535306497,0.13969046870346613
SHORT,2026-06-23 13:15:00,2026-06-23 14:05:00,148687.0,1.0,1121.406020614697,stop,re-entry,22428.120412293356,15509.550412293356,0.13830450458783716
SHORT,2026-06-24 09:05:00,2026-06-24 09:56:00,147353.0,1.0,1195.532942447433,stop,signal,23910.658848949242,17018.27884894924,0.14234889098170983
SHORT,2026-06-24 16:35:00,2026-06-24 19:30:00,146777.0,1.0,843.9430186634418,flip,signal,90200.0,83326.42,0.987346516971781
SHORT,2026-06-25 09:10:00,2026-06-25 13:50:00,143304.0,1.0,1416.5566584615735,flip,signal,-142900.0,-149728.24,-1.0569873016064866
SHORT,2026-06-25 17:00:00,2026-06-25 18:20:00,143921.0,1.0,922.839534951956,flip,signal,-121200.0,-128037.70999999999,-1.387431998203954
SHORT,2026-06-29 09:10:00,2026-06-29 11:33:00,146132.0,1.0,1203.9483666195301,stop,signal,24078.967332391767,17211.307332391767,0.14295718827808215
SHORT,2026-06-29 15:35:00,2026-06-29 20:26:00,145244.0,1.0,857.2357461811625,stop,re-entry,12500.0,5650.8099999999995,0.06591897299165818
SHORT,2026-06-30 09:05:00,2026-06-30 12:00:00,143118.0,1.0,1349.489428595145,flip,re-entry,-147600.0,-154424.52000000002,-1.1443181156354822
SHORT,2026-06-30 18:30:00,2026-06-30 19:45:00,144638.0,1.0,919.9647359983937,flip,signal,-104000.0,-110850.19,-1.2049395554243674
SHORT,2026-06-30 22:40:00,2026-07-01 13:50:00,144847.0,1.0,1122.0684376882855,flip,signal,68800.0,61962.54,0.5522171190168831
SHORT,2026-07-03 18:40:00,2026-07-03 20:07:00,149883.0,1.0,707.8744602543884,stop,signal,14157.489205087768,7214.3492050877685,0.10191565892199518
SHORT,2026-07-06 15:00:00,2026-07-07 17:20:00,149105.0,1.0,814.0002860915556,flip,re-entry,66900.0,59977.04,0.7368184142536531
SHORT,2026-07-07 20:10:00,2026-07-08 18:20:00,148181.0,1.0,957.3854436610709,flip,signal,145200.0,138303.62,1.444597062925072
SHORT,2026-07-08 20:15:00,2026-07-08 23:05:00,145272.0,1.0,1483.1505201320397,flip,signal,-119800.0,-126664.97,-0.8540264004271357
SHORT,2026-07-10 09:55:00,2026-07-10 17:43:00,147306.0,1.0,717.6073451861448,stop,signal,14352.146903722314,7460.776903722313,0.10396739879783441
SHORT,2026-07-10 19:00:00,2026-07-14 09:10:00,146306.0,1.0,913.52095240989,flip,re-entry,275300.0,268453.38,2.9386669160878425
SHORT,2026-07-15 09:05:00,2026-07-15 17:11:00,144248.0,1.0,795.8355872567918,stop,signal,15916.711745134671,9085.661745134672,0.11416505985177824
SHORT,2026-07-15 21:45:00,2026-07-15 23:25:00,144009.0,1.0,872.5796615217696,flip,signal,-61000.0,-67833.35999999999,-0.7773887358513415
SHORT,2026-07-16 18:10:00,2026-07-16 18:43:00,143529.0,1.0,1067.0103313356522,stop,signal,21340.20662671246,14524.16662671246,0.13612020615143938
SHORT,2026-07-17 10:15:00,2026-07-17 11:50:00,142579.0,1.0,920.5855063808558,flip,re-entry,-89600.0,-96407.83,-1.0472447081967753
SHORT,2026-07-17 18:05:00,2026-07-17 18:16:00,142771.0,1.0,685.5615305989922,stop,signal,13711.23061197868,6910.71061197868,0.10080365224023903
SHORT,2026-07-20 19:35:00,2026-07-20 22:12:00,144154.0,1.0,559.9002903901273,stop,signal,10800.0,3970.4300000000003,0.07091316200664022
SHORT,2026-07-21 18:15:00,2026-07-21 20:55:00,145129.0,1.0,560.529478375538,flip,signal,-50200.0,-57054.59,-1.0178695715584671
SHORT,2026-07-23 09:05:00,2026-07-23 10:42:00,147862.0,1.0,773.6431527191016,stop,signal,15472.863054383197,8570.143054383196,0.11077643515956882
SHORT,2026-07-23 13:05:00,2026-07-23 13:30:00,147213.0,1.0,707.53149819799,stop,re-entry,14150.629963958636,7261.9499639586365,0.10263783283788887
SHORT,2026-07-23 14:05:00,2026-07-23 17:22:00,146831.0,1.0,694.3233268751064,stop,re-entry,13886.466537503293,7004.866537503292,0.10088767388861349
SHORT,2026-07-23 18:20:00,2026-07-23 19:00:00,146103.0,1.0,816.9317309805774,stop,re-entry,16338.634619611548,9470.85461961155,0.11593202051588224
SHORT,2026-07-24 09:05:00,2026-07-24 11:50:00,144924.0,1.0,619.5000774577493,stop,re-entry,12390.001549155568,5543.141549155567,0.08947765707960895
SHORT,2026-07-24 17:20:00,2026-07-27 09:05:00,145312.0,1.0,771.6114402678213,flip,signal,-114500.0,-121365.62,-1.5728851811460283
SHORT,2026-07-27 14:05:00,2026-07-27 17:55:00,146389.0,1.0,464.26460392892477,stop,signal,9285.292078577913,2410.7220785779136,0.051925605746738684
SHORT,2026-07-27 19:30:00,2026-07-27 20:17:00,145894.0,1.0,835.813212082343,stop,re-entry,16600.0,9736.77,0.11649456911241969
SHORT,2026-07-28 09:05:00,2026-07-28 12:02:00,144883.0,1.0,816.1858650021313,stop,re-entry,15400.0,8555.72,0.10482563306799803
SHORT,2026-07-28 15:20:00,2026-07-28 16:02:00,144264.0,1.0,511.7314182012342,stop,re-entry,10234.628364024684,3402.9383640246833,0.06649852330713268
SHORT,2026-07-28 19:50:00,2026-07-28 21:20:00,143940.0,1.0,596.1312204029236,flip,re-entry,-60100.0,-66932.24,-1.1227769609979605
SHORT,2026-07-29 09:05:00,2026-07-29 11:35:00,143999.0,1.0,633.7508414276817,flip,signal,-42100.0,-48931.520000000004,-0.7720939650315818
SHORT,2026-07-29 15:05:00,2026-07-29 16:32:00,144186.0,1.0,450.0057713544229,stop,signal,9000.115427089622,2170.165427089623,0.04822527987936422
SHORT,2026-07-29 19:05:00,2026-07-29 22:05:00,143834.0,1.0,398.3424815623148,stop,re-entry,7966.849631245714,1144.7996312457135,0.02873907966721914
SHORT,2026-07-31 09:05:00,2026-08-03 09:35:00,145118.0,1.0,1039.658634717547,flip,signal,59900.0,53056.11,0.5103224099554005
SHORT,2026-08-03 18:15:00,2026-08-03 19:33:00,144129.0,1.0,527.6785470720497,stop,signal,1600.0,-5229.84,-0.09911033960010342
SHORT,2026-08-03 20:00:00,2026-08-03 20:38:00,143614.0,1.0,590.6457163119921,stop,re-entry,-12400.0,-19219.49,-0.32539794108737496
LONG,2026-08-20 09:05:00,2026-08-20 17:20:00,158460.0,1.0,1140.7970089436567,flip,re-entry,-72000.0,-79161.75,-0.6939161777194821
LONG,2026-08-20 19:10:00,2026-08-21 18:10:00,158190.0,1.0,1228.116831165651,flip,signal,239200.0,232012.56,1.8891733596696032
LONG,2026-08-21 21:25:00,2026-08-24 22:55:00,162200.0,1.0,1346.9305647611327,flip,signal,116300.0,109044.04999999999,0.8095743971727161
LONG,2026-08-25 21:10:00,2026-08-26 12:00:00,163269.0,1.0,1396.2191626468848,flip,signal,-93300.0,-100556.09,-0.7202027639369354
LONG,2026-08-27 21:15:00,2026-08-27 21:33:00,159282.0,1.0,955.6163383447274,stop,signal,19112.326766893966,11924.556766893966,0.12478393564878881
LONG,2026-08-28 12:20:00,2026-08-28 12:38:00,158683.0,1.0,982.1866321997077,stop,signal,19643.732643994736,12467.302643994735,0.12693415116099607
