symbol,tf,variant,slip,period,per_month,trades,win_%,net_inr,pf,max_dd_inr,net_R,avg_R,max_dd_R,worst_streak
SILVER,5,X0 W8 (current fast setup),5,ALL,16.2,340,64.1,9616891,2.34,-918885,111.0,0.33,-7.4,5
SILVER,5,X0 W8 (current fast setup),5,2025,16.6,199,62.8,2313439,2.15,-240361,51.9,0.26,-7.4,5
SILVER,5,X0 W8 (current fast setup),5,2026,15.7,141,66.0,7303452,2.41,-918885,59.1,0.42,-6.1,4
SILVER,5,X0 W8 (current fast setup),20,ALL,16.2,340,57.1,9307291,2.27,-926085,102.7,0.3,-9.1,7
SILVER,5,X0 W8 (current fast setup),20,2025,16.6,199,50.8,2131639,2.02,-279961,45.0,0.23,-9.1,7
SILVER,5,X0 W8 (current fast setup),20,2026,15.7,141,66.0,7175652,2.37,-926085,57.7,0.41,-6.2,4
SILVER,5,X1 + 1h band agrees,5,ALL,9.2,194,68.0,7629354,3.17,-475920,91.5,0.47,-4.8,3
SILVER,5,X1 + 1h band agrees,5,2025,9.5,114,66.7,2176602,3.11,-153708,52.5,0.46,-4.8,3
SILVER,5,X1 + 1h band agrees,5,2026,8.9,80,70.0,5452752,3.19,-475920,39.0,0.49,-4.3,3
SILVER,5,X1 + 1h band agrees,20,ALL,9.2,194,59.3,7452054,3.08,-476820,86.8,0.45,-5.9,6
SILVER,5,X1 + 1h band agrees,20,2025,9.5,114,51.8,2071302,2.94,-174273,48.5,0.43,-5.9,6
SILVER,5,X1 + 1h band agrees,20,2026,8.9,80,70.0,5380752,3.15,-476820,38.3,0.48,-4.4,3
SILVER,5,"X2 + 1h agrees, lock 0.15R at 0.3R",5,ALL,9.2,194,76.8,5075244,3.08,-475920,53.8,0.28,-4.7,2
SILVER,5,"X2 + 1h agrees, lock 0.15R at 0.3R",5,2025,9.5,114,72.8,1424970,2.88,-129274,28.3,0.25,-3.3,2
SILVER,5,"X2 + 1h agrees, lock 0.15R at 0.3R",5,2026,8.9,80,82.5,3650275,3.17,-475920,25.5,0.32,-4.7,2
SILVER,5,"X2 + 1h agrees, lock 0.15R at 0.3R",20,ALL,9.2,194,75.8,4897944,2.97,-476820,49.1,0.25,-5.2,2
SILVER,5,"X2 + 1h agrees, lock 0.15R at 0.3R",20,2025,9.5,114,71.1,1319670,2.67,-131074,24.4,0.21,-5.2,2
SILVER,5,"X2 + 1h agrees, lock 0.15R at 0.3R",20,2026,8.9,80,82.5,3578275,3.11,-476820,24.7,0.31,-4.8,2
SILVER,5,X3 lock 0.1R at 0.3R,5,ALL,16.2,340,74.7,7750088,2.55,-918885,79.3,0.23,-12.0,4
SILVER,5,X3 lock 0.1R at 0.3R,5,2025,16.6,199,71.9,1936965,2.34,-311880,33.6,0.17,-12.0,4
SILVER,5,X3 lock 0.1R at 0.3R,5,2026,15.7,141,78.7,5813123,2.64,-918885,45.7,0.32,-6.1,3
SILVER,5,X3 lock 0.1R at 0.3R,20,ALL,16.2,340,66.2,7441388,2.46,-926085,71.0,0.21,-15.5,9
SILVER,5,X3 lock 0.1R at 0.3R,20,2025,16.6,199,57.3,1755165,2.17,-387503,26.7,0.13,-15.5,9
SILVER,5,X3 lock 0.1R at 0.3R,20,2026,15.7,141,78.7,5686223,2.59,-926085,44.3,0.31,-6.2,3
SILVER,5,X4 lock 0.25R at 0.5R,5,ALL,16.2,340,64.7,7639991,2.07,-947175,85.8,0.25,-7.1,5
SILVER,5,X4 lock 0.25R at 0.5R,5,2025,16.6,199,63.3,1368349,1.68,-237927,35.7,0.18,-7.1,5
SILVER,5,X4 lock 0.25R at 0.5R,5,2026,15.7,141,66.7,6271642,2.22,-947175,50.1,0.36,-5.9,4
SILVER,5,X4 lock 0.25R at 0.5R,20,ALL,16.2,340,64.7,7330391,2.01,-954375,77.5,0.23,-9.0,5
SILVER,5,X4 lock 0.25R at 0.5R,20,2025,16.6,199,63.3,1186549,1.57,-293620,28.8,0.14,-9.0,5
SILVER,5,X4 lock 0.25R at 0.5R,20,2026,15.7,141,66.7,6143842,2.18,-954375,48.7,0.35,-6.0,4
SILVER,5,X5 + 1-bar confirm,5,ALL,8.4,176,66.5,4550212,2.11,-1325207,62.7,0.36,-7.4,4
SILVER,5,X5 + 1-bar confirm,5,2025,8.6,103,64.1,1331702,2.37,-205302,36.2,0.35,-7.4,4
SILVER,5,X5 + 1-bar confirm,5,2026,8.1,73,69.9,3218509,2.03,-1325207,26.5,0.36,-3.4,4
SILVER,5,X5 + 1-bar confirm,20,ALL,8.4,176,60.2,4390012,2.06,-1327907,58.4,0.33,-9.2,6
SILVER,5,X5 + 1-bar confirm,20,2025,8.6,103,53.4,1238102,2.22,-226861,32.5,0.32,-9.2,6
SILVER,5,X5 + 1-bar confirm,20,2026,8.1,73,69.9,3151909,2.0,-1327907,25.8,0.35,-3.6,4
SILVER,5,X6 + 1h agrees + 1-bar confirm,5,ALL,5.1,107,70.1,3537531,2.41,-758523,61.6,0.58,-4.5,3
SILVER,5,X6 + 1h agrees + 1-bar confirm,5,2025,5.2,63,69.8,1386626,3.68,-150768,44.6,0.71,-4.5,3
SILVER,5,X6 + 1h agrees + 1-bar confirm,5,2026,4.9,44,70.5,2150905,2.08,-758523,16.9,0.39,-1.9,2
SILVER,5,X6 + 1h agrees + 1-bar confirm,20,ALL,5.1,107,61.7,3440331,2.35,-760323,59.0,0.55,-5.0,3
SILVER,5,X6 + 1h agrees + 1-bar confirm,20,2025,5.2,63,55.6,1329026,3.47,-162468,42.4,0.67,-5.0,3
SILVER,5,X6 + 1h agrees + 1-bar confirm,20,2026,4.9,44,70.5,2111305,2.05,-760323,16.6,0.38,-1.9,2
SILVER,5,"X7 50% off at 0.5R, lock 0.1R",5,ALL,16.2,340,67.1,5473829,1.79,-806395,61.2,0.18,-5.8,4
SILVER,5,"X7 50% off at 0.5R, lock 0.1R",5,2025,16.6,199,65.3,1411775,1.74,-207254,26.8,0.13,-5.8,4
SILVER,5,"X7 50% off at 0.5R, lock 0.1R",5,2026,15.7,141,69.5,4062054,1.81,-806395,34.5,0.24,-4.9,4
SILVER,5,"X7 50% off at 0.5R, lock 0.1R",20,ALL,16.2,340,67.1,5164229,1.73,-812695,53.0,0.16,-7.9,4
SILVER,5,"X7 50% off at 0.5R, lock 0.1R",20,2025,16.6,199,65.3,1229975,1.62,-259454,19.9,0.1,-7.9,4
SILVER,5,"X7 50% off at 0.5R, lock 0.1R",20,2026,15.7,141,69.5,3934254,1.77,-812695,33.1,0.23,-5.0,4
SILVER,5,X8 + 1h agrees + 50% off at 0.5R,5,ALL,9.2,194,71.6,4729704,2.36,-475920,53.8,0.28,-4.1,3
SILVER,5,X8 + 1h agrees + 50% off at 0.5R,5,2025,9.5,114,70.2,1313682,2.3,-133037,29.7,0.26,-2.6,3
SILVER,5,X8 + 1h agrees + 50% off at 0.5R,5,2026,8.9,80,73.8,3416022,2.39,-475920,24.1,0.3,-4.1,3
SILVER,5,X8 + 1h agrees + 50% off at 0.5R,20,ALL,9.2,194,71.6,4552404,2.29,-476820,49.1,0.25,-4.2,3
SILVER,5,X8 + 1h agrees + 50% off at 0.5R,20,2025,9.5,114,70.2,1208382,2.16,-138437,25.8,0.23,-2.9,3
SILVER,5,X8 + 1h agrees + 50% off at 0.5R,20,2026,8.9,80,73.8,3344022,2.35,-476820,23.3,0.29,-4.2,3
SILVER,5,X9 + 1h and 30m agree,5,ALL,7.0,146,68.5,5683464,3.9,-243196,71.3,0.49,-6.2,3
SILVER,5,X9 + 1h and 30m agree,5,2025,7.9,95,66.3,2150736,3.41,-169082,49.8,0.52,-6.2,3
SILVER,5,X9 + 1h and 30m agree,5,2026,5.7,51,72.5,3532728,4.31,-243196,21.4,0.42,-2.5,3
SILVER,5,X9 + 1h and 30m agree,20,ALL,7.0,146,58.2,5549364,3.77,-245896,67.5,0.46,-7.3,9
SILVER,5,X9 + 1h and 30m agree,20,2025,7.9,95,50.5,2062536,3.23,-191864,46.6,0.49,-7.3,9
SILVER,5,X9 + 1h and 30m agree,20,2026,5.7,51,72.5,3486828,4.23,-245896,21.0,0.41,-2.6,3
SILVER,15,X0 W8 (current fast setup),5,ALL,6.1,129,62.8,4918910,1.91,-836158,31.2,0.24,-6.2,3
SILVER,15,X0 W8 (current fast setup),5,2025,5.7,68,60.3,1787141,2.7,-226286,22.3,0.33,-6.2,3
SILVER,15,X0 W8 (current fast setup),5,2026,6.8,61,65.6,3131769,1.72,-836158,8.9,0.15,-4.1,2
SILVER,15,X0 W8 (current fast setup),20,ALL,6.1,129,62.0,4799210,1.88,-838858,29.6,0.23,-6.7,3
SILVER,15,X0 W8 (current fast setup),20,2025,5.7,68,58.8,1724141,2.6,-243386,21.0,0.31,-6.7,3
SILVER,15,X0 W8 (current fast setup),20,2026,6.8,61,65.6,3075069,1.7,-838858,8.6,0.14,-4.2,2
SILVER,15,X1 + 1h band agrees,5,ALL,2.9,61,63.9,3150978,2.58,-387026,16.6,0.27,-4.4,4
SILVER,15,X1 + 1h band agrees,5,2025,2.7,32,56.2,916213,3.14,-154510,9.6,0.3,-4.4,4
SILVER,15,X1 + 1h band agrees,5,2026,3.2,29,72.4,2234765,2.43,-387026,7.0,0.24,-1.9,2
SILVER,15,X1 + 1h band agrees,20,ALL,2.9,61,62.3,3094278,2.54,-391526,15.9,0.26,-4.6,4
SILVER,15,X1 + 1h band agrees,20,2025,2.7,32,53.1,885613,3.0,-161710,9.0,0.28,-4.6,4
SILVER,15,X1 + 1h band agrees,20,2026,3.2,29,72.4,2208665,2.41,-391526,6.9,0.24,-2.0,2
SILVER,15,"X2 + 1h agrees, lock 0.15R at 0.3R",5,ALL,2.9,61,75.4,1093321,1.66,-817386,7.8,0.13,-3.0,2
SILVER,15,"X2 + 1h agrees, lock 0.15R at 0.3R",5,2025,2.7,32,71.9,561798,2.73,-116644,6.5,0.2,-2.9,2
SILVER,15,"X2 + 1h agrees, lock 0.15R at 0.3R",5,2026,3.2,29,79.3,531523,1.4,-817386,1.3,0.05,-3.0,1
SILVER,15,"X2 + 1h agrees, lock 0.15R at 0.3R",20,ALL,2.9,61,75.4,1036621,1.62,-829086,7.1,0.12,-3.1,2
SILVER,15,"X2 + 1h agrees, lock 0.15R at 0.3R",20,2025,2.7,32,71.9,531198,2.58,-119344,5.9,0.18,-3.1,2
SILVER,15,"X2 + 1h agrees, lock 0.15R at 0.3R",20,2026,3.2,29,79.3,505423,1.38,-829086,1.2,0.04,-3.0,1
SILVER,15,X3 lock 0.1R at 0.3R,5,ALL,6.1,129,72.1,1264683,1.26,-1725013,17.4,0.13,-5.5,2
SILVER,15,X3 lock 0.1R at 0.3R,5,2025,5.7,68,73.5,1012177,2.31,-225657,17.9,0.26,-2.7,2
SILVER,15,X3 lock 0.1R at 0.3R,5,2026,6.8,61,70.5,252506,1.06,-1725013,-0.5,-0.01,-5.5,2
SILVER,15,X3 lock 0.1R at 0.3R,20,ALL,6.1,129,71.3,1144983,1.24,-1773613,15.8,0.12,-5.7,2
SILVER,15,X3 lock 0.1R at 0.3R,20,2025,5.7,68,72.1,949177,2.2,-239157,16.6,0.24,-3.3,2
SILVER,15,X3 lock 0.1R at 0.3R,20,2026,6.8,61,70.5,195806,1.05,-1773613,-0.8,-0.01,-5.7,2
SILVER,15,X4 lock 0.25R at 0.5R,5,ALL,6.1,129,64.3,3923397,1.73,-836158,19.3,0.15,-5.2,3
SILVER,15,X4 lock 0.25R at 0.5R,5,2025,5.7,68,63.2,1387964,2.36,-188704,11.9,0.18,-5.2,3
SILVER,15,X4 lock 0.25R at 0.5R,5,2026,6.8,61,65.6,2535433,1.58,-836158,7.4,0.12,-4.1,2
SILVER,15,X4 lock 0.25R at 0.5R,20,ALL,6.1,129,64.3,3803697,1.7,-838858,17.8,0.14,-5.6,3
SILVER,15,X4 lock 0.25R at 0.5R,20,2025,5.7,68,63.2,1324964,2.27,-200977,10.7,0.16,-5.6,3
SILVER,15,X4 lock 0.25R at 0.5R,20,2026,6.8,61,65.6,2478733,1.57,-838858,7.1,0.12,-4.2,2
SILVER,15,X5 + 1-bar confirm,5,ALL,2.8,59,67.8,2155522,2.29,-474597,10.2,0.17,-6.1,4
SILVER,15,X5 + 1-bar confirm,5,2025,2.8,33,69.7,366996,1.8,-243345,4.4,0.13,-6.1,4
SILVER,15,X5 + 1-bar confirm,5,2026,2.9,26,65.4,1788527,2.47,-474597,5.8,0.22,-2.1,2
SILVER,15,X5 + 1-bar confirm,20,ALL,2.8,59,66.1,2101522,2.24,-483597,9.4,0.16,-6.4,4
SILVER,15,X5 + 1-bar confirm,20,2025,2.8,33,66.7,337296,1.72,-255045,3.8,0.11,-6.4,4
SILVER,15,X5 + 1-bar confirm,20,2026,2.9,26,65.4,1764227,2.44,-483597,5.6,0.22,-2.1,2
SILVER,15,X6 + 1h agrees + 1-bar confirm,5,ALL,1.2,26,73.1,1965552,9.78,-215095,6.6,0.25,-5.3,6
SILVER,15,X6 + 1h agrees + 1-bar confirm,5,2025,1.3,16,62.5,273104,2.27,-215095,-0.3,-0.02,-5.3,6
SILVER,15,X6 + 1h agrees + 1-bar confirm,5,2026,1.1,10,90.0,1692449,193.64,-8786,6.9,0.69,-0.1,1
SILVER,15,X6 + 1h agrees + 1-bar confirm,20,ALL,1.2,26,73.1,1942152,9.44,-220495,6.3,0.24,-5.5,6
SILVER,15,X6 + 1h agrees + 1-bar confirm,20,2025,1.3,16,62.5,258704,2.17,-220495,-0.5,-0.03,-5.5,6
SILVER,15,X6 + 1h agrees + 1-bar confirm,20,2026,1.1,10,90.0,1683449,174.81,-9686,6.8,0.68,-0.1,1
SILVER,15,"X7 50% off at 0.5R, lock 0.1R",5,ALL,6.1,129,66.7,2961036,1.56,-1028366,18.8,0.15,-5.0,3
SILVER,15,"X7 50% off at 0.5R, lock 0.1R",5,2025,5.7,68,66.2,1239108,2.24,-188704,13.6,0.2,-5.0,3
SILVER,15,"X7 50% off at 0.5R, lock 0.1R",5,2026,6.8,61,67.2,1721929,1.4,-1028366,5.2,0.09,-4.0,2
SILVER,15,"X7 50% off at 0.5R, lock 0.1R",20,ALL,6.1,129,66.7,2841336,1.53,-1033766,17.2,0.13,-5.4,3
SILVER,15,"X7 50% off at 0.5R, lock 0.1R",20,2025,5.7,68,66.2,1176108,2.15,-192178,12.3,0.18,-5.4,3
SILVER,15,"X7 50% off at 0.5R, lock 0.1R",20,2026,6.8,61,67.2,1665229,1.38,-1033766,4.9,0.08,-4.1,2
SILVER,15,X8 + 1h agrees + 50% off at 0.5R,5,ALL,2.9,61,68.9,2343584,2.2,-407661,10.8,0.18,-4.1,4
SILVER,15,X8 + 1h agrees + 50% off at 0.5R,5,2025,2.7,32,65.6,729317,2.9,-135143,5.8,0.18,-4.1,4
SILVER,15,X8 + 1h agrees + 50% off at 0.5R,5,2026,3.2,29,72.4,1614267,2.03,-407661,4.9,0.17,-1.9,2
SILVER,15,X8 + 1h agrees + 50% off at 0.5R,20,ALL,2.9,61,68.9,2286884,2.16,-412161,10.0,0.16,-4.4,4
SILVER,15,X8 + 1h agrees + 50% off at 0.5R,20,2025,2.7,32,65.6,698717,2.77,-142343,5.3,0.16,-4.4,4
SILVER,15,X8 + 1h agrees + 50% off at 0.5R,20,2026,3.2,29,72.4,1588167,2.01,-412161,4.8,0.17,-2.0,2
SILVER,15,X9 + 1h and 30m agree,5,ALL,1.9,40,60.0,1231619,1.82,-771881,11.1,0.28,-3.7,3
SILVER,15,X9 + 1h and 30m agree,5,2025,2.0,24,58.3,940778,3.73,-134185,10.5,0.44,-3.7,3
SILVER,15,X9 + 1h and 30m agree,5,2026,1.8,16,62.5,290842,1.25,-771881,0.7,0.04,-2.4,1
SILVER,15,X9 + 1h and 30m agree,20,ALL,1.9,40,60.0,1193819,1.79,-782681,10.6,0.27,-3.8,3
SILVER,15,X9 + 1h and 30m agree,20,2025,2.0,24,58.3,917378,3.59,-139585,10.1,0.42,-3.8,3
SILVER,15,X9 + 1h and 30m agree,20,2026,1.8,16,62.5,276442,1.24,-782681,0.6,0.04,-2.5,1
GOLD,5,X0 W8 (current fast setup),5,ALL,16.3,342,57.9,4262196,1.38,-2510914,75.7,0.22,-11.0,7
GOLD,5,X0 W8 (current fast setup),5,2025,16.2,194,57.7,3134392,1.93,-348361,50.7,0.26,-7.3,7
GOLD,5,X0 W8 (current fast setup),5,2026,16.4,148,58.1,1127804,1.14,-2510914,25.1,0.17,-11.0,4
GOLD,5,X0 W8 (current fast setup),20,ALL,16.3,342,43.9,3224196,1.28,-2570914,58.6,0.17,-11.4,10
GOLD,5,X0 W8 (current fast setup),20,2025,16.2,194,39.7,2546392,1.7,-399361,38.3,0.2,-9.0,10
GOLD,5,X0 W8 (current fast setup),20,2026,16.4,148,49.3,677804,1.08,-2570914,20.3,0.14,-11.4,4
GOLD,5,X1 + 1h band agrees,5,ALL,9.3,195,61.0,3647615,1.59,-863676,50.4,0.26,-9.4,4
GOLD,5,X1 + 1h band agrees,5,2025,9.0,108,63.0,2212054,2.24,-305676,33.5,0.31,-7.9,4
GOLD,5,X1 + 1h band agrees,5,2026,9.7,87,58.6,1435561,1.33,-863676,16.8,0.19,-9.4,4
GOLD,5,X1 + 1h band agrees,20,ALL,9.3,195,44.6,3053615,1.48,-920222,40.6,0.21,-10.3,13
GOLD,5,X1 + 1h band agrees,20,2025,9.0,108,39.8,1882054,1.97,-378717,26.4,0.24,-9.2,13
GOLD,5,X1 + 1h band agrees,20,2026,9.7,87,50.6,1171561,1.26,-920222,14.1,0.16,-10.3,6
GOLD,5,"X2 + 1h agrees, lock 0.15R at 0.3R",5,ALL,9.3,195,69.7,1694599,1.35,-1141815,20.4,0.1,-10.2,3
GOLD,5,"X2 + 1h agrees, lock 0.15R at 0.3R",5,2025,9.0,108,68.5,1407623,2.04,-292760,21.9,0.2,-8.8,3
GOLD,5,"X2 + 1h agrees, lock 0.15R at 0.3R",5,2026,9.7,87,71.3,286977,1.08,-1141815,-1.5,-0.02,-10.2,2
GOLD,5,"X2 + 1h agrees, lock 0.15R at 0.3R",20,ALL,9.3,195,59.0,1103599,1.22,-1303815,10.7,0.05,-11.3,7
GOLD,5,"X2 + 1h agrees, lock 0.15R at 0.3R",20,2025,9.0,108,53.7,1077623,1.73,-337760,14.8,0.14,-10.0,7
GOLD,5,"X2 + 1h agrees, lock 0.15R at 0.3R",20,2026,9.7,87,65.5,25977,1.01,-1303815,-4.2,-0.05,-11.3,3
GOLD,5,X3 lock 0.1R at 0.3R,5,ALL,16.3,342,64.9,829419,1.09,-1941700,17.3,0.05,-9.7,7
GOLD,5,X3 lock 0.1R at 0.3R,5,2025,16.2,195,61.5,969655,1.37,-482262,14.3,0.07,-9.7,7
GOLD,5,X3 lock 0.1R at 0.3R,5,2026,16.3,147,69.4,-140236,0.98,-1941700,3.0,0.02,-9.6,2
GOLD,5,X3 lock 0.1R at 0.3R,20,ALL,16.3,342,44.7,-208581,0.98,-2072020,0.2,0.0,-11.8,13
GOLD,5,X3 lock 0.1R at 0.3R,20,2025,16.2,195,35.4,378655,1.13,-570151,1.9,0.01,-11.8,13
GOLD,5,X3 lock 0.1R at 0.3R,20,2026,16.3,147,57.1,-587236,0.91,-2072020,-1.7,-0.01,-9.9,4
GOLD,5,X4 lock 0.25R at 0.5R,5,ALL,16.3,342,62.9,2790799,1.26,-1737867,53.8,0.16,-11.2,6
GOLD,5,X4 lock 0.25R at 0.5R,5,2025,16.2,194,62.9,2784434,1.84,-563291,42.9,0.22,-11.2,6
GOLD,5,X4 lock 0.25R at 0.5R,5,2026,16.4,148,62.8,6365,1.0,-1737867,10.9,0.07,-8.1,3
GOLD,5,X4 lock 0.25R at 0.5R,20,ALL,16.3,342,61.7,1752799,1.16,-1815867,36.6,0.11,-14.5,6
GOLD,5,X4 lock 0.25R at 0.5R,20,2025,16.2,194,60.8,2196434,1.62,-632291,30.5,0.16,-14.5,6
GOLD,5,X4 lock 0.25R at 0.5R,20,2026,16.4,148,62.8,-443635,0.94,-1815867,6.2,0.04,-9.0,3
GOLD,5,X5 + 1-bar confirm,5,ALL,7.4,155,58.7,2019167,1.36,-1755631,29.5,0.19,-7.4,5
GOLD,5,X5 + 1-bar confirm,5,2025,7.6,91,56.0,1315316,1.77,-293008,18.4,0.2,-5.4,3
GOLD,5,X5 + 1-bar confirm,5,2026,7.1,64,62.5,703851,1.18,-1755631,11.1,0.17,-7.4,5
GOLD,5,X5 + 1-bar confirm,20,ALL,7.4,155,45.2,1551167,1.27,-1791631,21.5,0.14,-7.9,6
GOLD,5,X5 + 1-bar confirm,20,2025,7.6,91,39.6,1039316,1.56,-308008,12.4,0.14,-6.3,5
GOLD,5,X5 + 1-bar confirm,20,2026,7.1,64,53.1,511851,1.13,-1791631,9.0,0.14,-7.9,6
GOLD,5,X6 + 1h agrees + 1-bar confirm,5,ALL,4.1,87,63.2,3072705,2.3,-618693,28.6,0.33,-5.3,5
GOLD,5,X6 + 1h agrees + 1-bar confirm,5,2025,4.1,49,59.2,710757,1.85,-217619,8.9,0.18,-5.3,5
GOLD,5,X6 + 1h agrees + 1-bar confirm,5,2026,4.2,38,68.4,2361948,2.54,-618693,19.7,0.52,-5.1,4
GOLD,5,X6 + 1h agrees + 1-bar confirm,20,ALL,4.1,87,47.1,2808705,2.13,-646770,24.2,0.28,-5.9,7
GOLD,5,X6 + 1h agrees + 1-bar confirm,20,2025,4.1,49,40.8,560757,1.62,-232619,5.7,0.12,-5.9,7
GOLD,5,X6 + 1h agrees + 1-bar confirm,20,2026,4.2,38,55.3,2247948,2.43,-646770,18.5,0.49,-5.4,4
GOLD,5,"X7 50% off at 0.5R, lock 0.1R",5,ALL,16.3,342,63.7,1196190,1.11,-1936197,29.9,0.09,-8.4,6
GOLD,5,"X7 50% off at 0.5R, lock 0.1R",5,2025,16.2,194,64.4,1775653,1.55,-307604,21.3,0.11,-8.4,6
GOLD,5,"X7 50% off at 0.5R, lock 0.1R",5,2026,16.4,148,62.8,-579463,0.92,-1936197,8.6,0.06,-8.2,3
GOLD,5,"X7 50% off at 0.5R, lock 0.1R",20,ALL,16.3,342,63.5,158190,1.01,-2119197,12.8,0.04,-12.9,6
GOLD,5,"X7 50% off at 0.5R, lock 0.1R",20,2025,16.2,194,63.9,1187653,1.35,-499604,8.9,0.05,-12.9,6
GOLD,5,"X7 50% off at 0.5R, lock 0.1R",20,2026,16.4,148,62.8,-1029463,0.86,-2119197,3.9,0.03,-8.5,3
GOLD,5,X8 + 1h agrees + 50% off at 0.5R,5,ALL,9.3,195,65.1,1597757,1.28,-930614,19.1,0.1,-10.8,4
GOLD,5,X8 + 1h agrees + 50% off at 0.5R,5,2025,9.0,108,67.6,1213161,1.69,-286457,14.3,0.13,-7.3,3
GOLD,5,X8 + 1h agrees + 50% off at 0.5R,5,2026,9.7,87,62.1,384596,1.1,-930614,4.8,0.05,-10.8,4
GOLD,5,X8 + 1h agrees + 50% off at 0.5R,20,ALL,9.3,195,64.6,1003757,1.17,-1098371,9.3,0.05,-11.9,4
GOLD,5,X8 + 1h agrees + 50% off at 0.5R,20,2025,9.0,108,66.7,883161,1.47,-351666,7.2,0.07,-8.5,3
GOLD,5,X8 + 1h agrees + 50% off at 0.5R,20,2026,9.7,87,62.1,120596,1.03,-1098371,2.1,0.02,-11.9,4
GOLD,5,X9 + 1h and 30m agree,5,ALL,5.8,122,58.2,3307724,1.83,-790332,38.7,0.32,-6.9,4
GOLD,5,X9 + 1h and 30m agree,5,2025,5.3,64,59.4,1180546,2.27,-281629,20.1,0.31,-4.6,3
GOLD,5,X9 + 1h and 30m agree,5,2026,6.4,58,56.9,2127178,1.7,-790332,18.7,0.32,-6.5,4
GOLD,5,X9 + 1h and 30m agree,20,ALL,5.8,122,42.6,2935724,1.71,-820332,32.5,0.27,-7.8,9
GOLD,5,X9 + 1h and 30m agree,20,2025,5.3,64,37.5,982546,1.95,-299629,15.6,0.24,-5.7,9
GOLD,5,X9 + 1h and 30m agree,20,2026,6.4,58,48.3,1953178,1.63,-820332,16.9,0.29,-6.9,6
GOLD,15,X0 W8 (current fast setup),5,ALL,5.9,123,61.8,4161441,1.65,-1784260,30.4,0.25,-7.7,3
GOLD,15,X0 W8 (current fast setup),5,2025,5.8,69,62.3,1946776,1.71,-486724,22.1,0.32,-2.8,3
GOLD,15,X0 W8 (current fast setup),5,2026,6.0,54,61.1,2214665,1.61,-1784260,8.3,0.15,-7.7,3
GOLD,15,X0 W8 (current fast setup),20,ALL,5.9,123,57.7,3780441,1.58,-1895260,27.2,0.22,-8.0,4
GOLD,15,X0 W8 (current fast setup),20,2025,5.8,69,55.1,1733776,1.62,-501724,19.8,0.29,-2.9,4
GOLD,15,X0 W8 (current fast setup),20,2026,6.0,54,61.1,2046665,1.55,-1895260,7.4,0.14,-8.0,3
GOLD,15,X1 + 1h band agrees,5,ALL,2.9,61,57.4,1999082,1.62,-1352758,12.3,0.2,-6.2,5
GOLD,15,X1 + 1h band agrees,5,2025,2.9,35,57.1,644977,1.46,-443141,6.0,0.17,-5.4,5
GOLD,15,X1 + 1h band agrees,5,2026,2.9,26,57.7,1354104,1.73,-1352758,6.3,0.24,-6.2,4
GOLD,15,X1 + 1h band agrees,20,ALL,2.9,61,52.5,1807082,1.54,-1406758,10.8,0.18,-6.5,5
GOLD,15,X1 + 1h band agrees,20,2025,2.9,35,48.6,533977,1.37,-473141,4.9,0.14,-5.7,5
GOLD,15,X1 + 1h band agrees,20,2026,2.9,26,57.7,1273104,1.67,-1406758,5.9,0.23,-6.5,4
GOLD,15,"X2 + 1h agrees, lock 0.15R at 0.3R",5,ALL,2.9,61,72.1,878224,1.4,-550563,4.3,0.07,-4.7,3
GOLD,15,"X2 + 1h agrees, lock 0.15R at 0.3R",5,2025,2.9,35,68.6,-165575,0.85,-434311,-0.2,-0.01,-4.7,2
GOLD,15,"X2 + 1h agrees, lock 0.15R at 0.3R",5,2026,2.9,26,76.9,1043799,1.92,-541978,4.5,0.17,-2.8,3
GOLD,15,"X2 + 1h agrees, lock 0.15R at 0.3R",20,ALL,2.9,61,70.5,689224,1.3,-592563,2.8,0.05,-5.0,3
GOLD,15,"X2 + 1h agrees, lock 0.15R at 0.3R",20,2025,2.9,35,65.7,-273575,0.75,-461311,-1.3,-0.04,-5.0,2
GOLD,15,"X2 + 1h agrees, lock 0.15R at 0.3R",20,2026,2.9,26,76.9,962799,1.83,-550978,4.1,0.16,-2.9,3
GOLD,15,X3 lock 0.1R at 0.3R,5,ALL,5.9,123,74.8,4479664,2.05,-695897,27.0,0.22,-3.6,3
GOLD,15,X3 lock 0.1R at 0.3R,5,2025,5.8,69,71.0,1030939,1.44,-376441,14.6,0.21,-3.1,2
GOLD,15,X3 lock 0.1R at 0.3R,5,2026,6.0,54,79.6,3448726,2.79,-695897,12.4,0.23,-3.6,3
GOLD,15,X3 lock 0.1R at 0.3R,20,ALL,5.9,123,69.1,4101664,1.94,-716897,23.9,0.19,-3.7,4
GOLD,15,X3 lock 0.1R at 0.3R,20,2025,5.8,69,60.9,820939,1.34,-382441,12.4,0.18,-3.6,4
GOLD,15,X3 lock 0.1R at 0.3R,20,2026,6.0,54,79.6,3280726,2.68,-716897,11.5,0.21,-3.7,3
GOLD,15,X4 lock 0.25R at 0.5R,5,ALL,5.9,123,62.6,3737370,1.59,-1798884,25.8,0.21,-8.2,3
GOLD,15,X4 lock 0.25R at 0.5R,5,2025,5.8,69,63.8,1613710,1.6,-456930,18.6,0.27,-2.8,3
GOLD,15,X4 lock 0.25R at 0.5R,5,2026,6.0,54,61.1,2123660,1.58,-1798884,7.2,0.13,-8.2,3
GOLD,15,X4 lock 0.25R at 0.5R,20,ALL,5.9,123,62.6,3356370,1.52,-1863250,22.6,0.18,-8.5,3
GOLD,15,X4 lock 0.25R at 0.5R,20,2025,5.8,69,63.8,1400710,1.51,-471930,16.3,0.24,-2.9,3
GOLD,15,X4 lock 0.25R at 0.5R,20,2026,6.0,54,61.1,1955660,1.53,-1863250,6.3,0.12,-8.5,3
GOLD,15,X5 + 1-bar confirm,5,ALL,2.7,56,67.9,4593478,2.97,-768841,26.1,0.47,-4.7,3
GOLD,15,X5 + 1-bar confirm,5,2025,2.5,30,70.0,1552505,3.0,-276979,12.9,0.43,-2.0,2
GOLD,15,X5 + 1-bar confirm,5,2026,2.9,26,65.4,3040973,2.95,-768841,13.2,0.51,-4.7,3
GOLD,15,X5 + 1-bar confirm,20,ALL,2.7,56,64.3,4422478,2.85,-789841,24.7,0.44,-4.8,3
GOLD,15,X5 + 1-bar confirm,20,2025,2.5,30,63.3,1462505,2.81,-282979,11.9,0.4,-2.0,2
GOLD,15,X5 + 1-bar confirm,20,2026,2.9,26,65.4,2959973,2.86,-789841,12.7,0.49,-4.8,3
GOLD,15,X6 + 1h agrees + 1-bar confirm,5,ALL,1.0,20,70.0,1788313,3.69,-276979,11.5,0.58,-2.0,2
GOLD,15,X6 + 1h agrees + 1-bar confirm,5,2025,1.0,12,66.7,195394,1.5,-276979,1.4,0.12,-2.0,2
GOLD,15,X6 + 1h agrees + 1-bar confirm,5,2026,0.9,8,75.0,1592920,6.73,-182893,10.1,1.26,-1.2,1
GOLD,15,X6 + 1h agrees + 1-bar confirm,20,ALL,1.0,20,70.0,1725313,3.52,-282979,11.0,0.55,-2.0,2
GOLD,15,X6 + 1h agrees + 1-bar confirm,20,2025,1.0,12,66.7,159394,1.4,-282979,1.1,0.09,-2.0,2
GOLD,15,X6 + 1h agrees + 1-bar confirm,20,2026,0.9,8,75.0,1565920,6.51,-185893,9.9,1.24,-1.3,1
GOLD,15,"X7 50% off at 0.5R, lock 0.1R",5,ALL,5.9,123,63.4,1905112,1.31,-1593136,14.5,0.12,-7.1,3
GOLD,15,"X7 50% off at 0.5R, lock 0.1R",5,2025,5.8,69,63.8,887962,1.35,-446998,10.9,0.16,-2.8,3
GOLD,15,"X7 50% off at 0.5R, lock 0.1R",5,2026,6.0,54,63.0,1017150,1.28,-1593136,3.6,0.07,-7.1,3
GOLD,15,"X7 50% off at 0.5R, lock 0.1R",20,ALL,5.9,123,63.4,1524112,1.24,-1689516,11.4,0.09,-7.4,3
GOLD,15,"X7 50% off at 0.5R, lock 0.1R",20,2025,5.8,69,63.8,674962,1.26,-461998,8.6,0.13,-2.9,3
GOLD,15,"X7 50% off at 0.5R, lock 0.1R",20,2026,6.0,54,63.0,849150,1.23,-1689516,2.8,0.05,-7.4,3
GOLD,15,X8 + 1h agrees + 50% off at 0.5R,5,ALL,2.9,61,59.0,761458,1.24,-1199871,3.9,0.06,-5.3,4
GOLD,15,X8 + 1h agrees + 50% off at 0.5R,5,2025,2.9,35,60.0,187451,1.14,-376757,1.5,0.04,-4.7,3
GOLD,15,X8 + 1h agrees + 50% off at 0.5R,5,2026,2.9,26,57.7,574007,1.31,-1199871,2.3,0.09,-5.3,4
GOLD,15,X8 + 1h agrees + 50% off at 0.5R,20,ALL,2.9,61,59.0,569458,1.17,-1253871,2.3,0.04,-5.6,4
GOLD,15,X8 + 1h agrees + 50% off at 0.5R,20,2025,2.9,35,60.0,76451,1.06,-406757,0.4,0.01,-5.0,3
GOLD,15,X8 + 1h agrees + 50% off at 0.5R,20,2026,2.9,26,57.7,493007,1.26,-1253871,1.9,0.07,-5.6,4
GOLD,15,X9 + 1h and 30m agree,5,ALL,1.1,23,65.2,1595636,3.12,-246495,5.3,0.23,-2.5,3
GOLD,15,X9 + 1h and 30m agree,5,2025,1.1,13,53.8,-183015,0.64,-241887,-1.9,-0.14,-2.5,3
GOLD,15,X9 + 1h and 30m agree,5,2026,1.1,10,80.0,1778651,8.22,-246495,7.2,0.72,-1.4,2
GOLD,15,X9 + 1h and 30m agree,20,ALL,1.1,23,56.5,1523636,2.96,-252495,4.7,0.2,-2.6,3
GOLD,15,X9 + 1h and 30m agree,20,2025,1.1,13,38.5,-225015,0.57,-250887,-2.3,-0.18,-2.6,3
GOLD,15,X9 + 1h and 30m agree,20,2026,1.1,10,80.0,1748651,7.93,-252495,7.0,0.7,-1.4,2
