symbol,variant,slip,period,per_month,min_month,months_ge10,trades,win_%,net_inr,pf,max_dd_inr,net_R,avg_R,max_dd_R,worst_streak
SILVER,X2,5,ALL,9.2,3,11/20,194,76.8,5075244,3.08,-475920,53.8,0.28,-4.7,2
SILVER,X2,5,2025,9.5,3,11/20,114,72.8,1424970,2.88,-129274,28.3,0.25,-3.3,2
SILVER,X2,5,2026,8.9,3,11/20,80,82.5,3650275,3.17,-475920,25.5,0.32,-4.7,2
SILVER,X2,20,ALL,9.2,3,11/20,194,75.8,4897944,2.97,-476820,49.1,0.25,-5.2,2
SILVER,X2,20,2025,9.5,3,11/20,114,71.1,1319670,2.67,-131074,24.4,0.21,-5.2,2
SILVER,X2,20,2026,8.9,3,11/20,80,82.5,3578275,3.11,-476820,24.7,0.31,-4.8,2
SILVER,X2 + re-entry 60,5,ALL,17.0,6,16/20,357,74.8,6673024,2.18,-797621,62.0,0.17,-8.2,3
SILVER,X2 + re-entry 60,5,2025,16.7,6,16/20,200,72.0,1612342,2.05,-250345,27.9,0.14,-8.2,3
SILVER,X2 + re-entry 60,5,2026,17.4,6,16/20,157,78.3,5060681,2.23,-797621,34.1,0.22,-5.2,3
SILVER,X2 + re-entry 60,20,ALL,17.0,6,16/20,357,74.2,6347224,2.11,-811121,53.6,0.15,-11.4,3
SILVER,X2 + re-entry 60,20,2025,16.7,6,16/20,200,71.0,1429642,1.9,-254845,21.1,0.11,-11.4,3
SILVER,X2 + re-entry 60,20,2026,17.4,6,16/20,157,78.3,4917581,2.19,-811121,32.6,0.21,-5.3,3
SILVER,X2 + re-entry 120,5,ALL,16.2,5,16/20,340,76.5,7429499,2.65,-685901,68.8,0.2,-8.4,3
SILVER,X2 + re-entry 120,5,2025,16.2,5,16/20,195,72.8,1742145,2.27,-211501,30.4,0.16,-8.4,3
SILVER,X2 + re-entry 120,5,2026,16.1,5,16/20,145,81.4,5687354,2.81,-685901,38.4,0.26,-4.7,3
SILVER,X2 + re-entry 120,20,ALL,16.2,5,16/20,340,75.6,7120799,2.55,-696701,60.7,0.18,-10.5,3
SILVER,X2 + re-entry 120,20,2025,16.2,5,16/20,195,71.3,1563945,2.1,-241201,23.7,0.12,-10.5,3
SILVER,X2 + re-entry 120,20,2026,16.1,5,16/20,145,81.4,5556854,2.76,-696701,37.0,0.26,-5.0,3
SILVER,X2 + re-entry 36,5,ALL,17.7,7,16/20,372,76.1,7325354,2.35,-803954,68.6,0.18,-10.4,3
SILVER,X2 + re-entry 36,5,2025,17.2,7,16/20,207,72.9,1632189,2.06,-240294,27.9,0.13,-10.4,3
SILVER,X2 + re-entry 36,5,2026,18.3,7,16/20,165,80.0,5693164,2.46,-803954,40.7,0.25,-5.2,3
SILVER,X2 + re-entry 36,20,ALL,17.7,7,16/20,372,75.5,6986054,2.27,-817454,59.8,0.16,-12.2,3
SILVER,X2 + re-entry 36,20,2025,17.2,7,16/20,207,72.0,1443189,1.91,-274702,20.8,0.1,-12.2,3
SILVER,X2 + re-entry 36,20,2026,18.3,7,16/20,165,80.0,5542864,2.41,-817454,39.0,0.24,-5.3,3
GOLD,X2,5,ALL,9.3,3,10/20,195,69.7,1694599,1.35,-1141815,20.4,0.1,-10.2,3
GOLD,X2,5,2025,9.0,3,10/20,108,68.5,1407623,2.04,-292760,21.9,0.2,-8.8,3
GOLD,X2,5,2026,9.7,3,10/20,87,71.3,286977,1.08,-1141815,-1.5,-0.02,-10.2,2
GOLD,X2,20,ALL,9.3,3,10/20,195,59.0,1103599,1.22,-1303815,10.7,0.05,-11.3,7
GOLD,X2,20,2025,9.0,3,10/20,108,53.7,1077623,1.73,-337760,14.8,0.14,-10.0,7
GOLD,X2,20,2026,9.7,3,10/20,87,65.5,25977,1.01,-1303815,-4.2,-0.05,-11.3,3
GOLD,X2 + re-entry 60,5,ALL,16.7,5,18/20,350,72.9,4399137,1.56,-1252673,61.6,0.18,-9.6,3
GOLD,X2 + re-entry 60,5,2025,15.9,5,18/20,191,71.7,2509520,2.17,-447021,45.2,0.24,-9.6,3
GOLD,X2 + re-entry 60,5,2026,17.7,5,18/20,159,74.2,1889617,1.33,-1252673,16.4,0.1,-8.8,3
GOLD,X2 + re-entry 60,20,ALL,16.7,5,18/20,350,59.7,3337137,1.41,-1318673,43.7,0.12,-12.5,11
GOLD,X2 + re-entry 60,20,2025,15.9,5,18/20,191,53.9,1927520,1.82,-563560,32.4,0.17,-12.5,11
GOLD,X2 + re-entry 60,20,2026,17.7,5,18/20,159,66.7,1409617,1.24,-1318673,11.3,0.07,-10.4,5
GOLD,X2 + re-entry 120,5,ALL,16.4,5,18/20,344,71.8,4366913,1.55,-1088227,61.5,0.18,-11.0,3
GOLD,X2 + re-entry 120,5,2025,15.5,5,18/20,186,71.0,2494837,2.17,-372339,45.0,0.24,-7.8,3
GOLD,X2 + re-entry 120,5,2026,17.6,5,18/20,158,72.8,1872076,1.32,-1088227,16.5,0.1,-11.0,3
GOLD,X2 + re-entry 120,20,ALL,16.4,5,18/20,344,59.3,3322913,1.4,-1348645,43.9,0.13,-12.6,11
GOLD,X2 + re-entry 120,20,2025,15.5,5,18/20,186,53.2,1927837,1.83,-485878,32.5,0.17,-10.6,11
GOLD,X2 + re-entry 120,20,2026,17.6,5,18/20,158,66.5,1395076,1.24,-1348645,11.4,0.07,-12.6,6
GOLD,X2 + re-entry 36,5,ALL,17.0,5,18/20,358,72.6,4675886,1.59,-1253239,66.3,0.19,-9.7,3
GOLD,X2 + re-entry 36,5,2025,16.0,5,18/20,192,71.4,2500992,2.12,-447021,47.8,0.25,-9.7,3
GOLD,X2 + re-entry 36,5,2026,18.4,5,18/20,166,74.1,2174894,1.38,-1253239,18.5,0.11,-8.9,3
GOLD,X2 + re-entry 36,20,ALL,17.0,5,18/20,358,60.3,3589886,1.43,-1325641,48.1,0.13,-12.3,11
GOLD,X2 + re-entry 36,20,2025,16.0,5,18/20,192,53.6,1915992,1.79,-560488,34.9,0.18,-12.3,11
GOLD,X2 + re-entry 36,20,2026,18.4,5,18/20,166,68.1,1673894,1.29,-1325641,13.3,0.08,-10.2,5
