metal,chart,lock,period,per_month,win_%,pf,net_inr,max_dd_inr
GOLD,5m,lock 0.15R at 0.3R,ALL,16.4,59.3,1.4,3322913,-1348645
GOLD,5m,lock 0.15R at 0.3R,2025,15.5,53.2,1.83,1927837,-485878
GOLD,5m,lock 0.15R at 0.3R,2026,17.6,66.5,1.24,1395076,-1348645
GOLD,5m,lock 0.2R at 0.4R,ALL,13.8,68.6,1.71,5225301,-1052569
GOLD,5m,lock 0.2R at 0.4R,2025,12.5,66.0,2.37,2871615,-343063
GOLD,5m,lock 0.2R at 0.4R,2026,15.6,71.4,1.45,2353686,-1052569
GOLD,5m,lock 0.25R at 0.5R,ALL,13.3,67.1,1.62,5003120,-1277267
GOLD,5m,lock 0.25R at 0.5R,2025,12.2,67.1,2.15,2683606,-302765
GOLD,5m,lock 0.25R at 0.5R,2026,14.9,67.2,1.41,2319515,-1277267
GOLD,5m,lock 0.3R at 0.6R,ALL,13.2,62.1,1.4,3570017,-1204353
GOLD,5m,lock 0.3R at 0.6R,2025,12.6,60.9,1.8,2171151,-372548
GOLD,5m,lock 0.3R at 0.6R,2026,14.0,63.5,1.22,1398866,-1204353
GOLD,5m,lock 0.4R at 0.8R,ALL,11.8,53.6,1.47,4321216,-1196966
GOLD,5m,lock 0.4R at 0.8R,2025,11.2,53.7,2.06,2811999,-314078
GOLD,5m,lock 0.4R at 0.8R,2026,12.7,53.5,1.23,1509216,-1196966
GOLD,15m,lock 0.15R at 0.3R,ALL,6.6,77.5,1.68,3351573,-1437983
GOLD,15m,lock 0.15R at 0.3R,2025,6.9,78.3,2.25,2007683,-502909
GOLD,15m,lock 0.15R at 0.3R,2026,6.1,76.4,1.4,1343890,-1437983
GOLD,15m,lock 0.2R at 0.4R,ALL,6.0,67.7,1.34,2149660,-1397130
GOLD,15m,lock 0.2R at 0.4R,2025,6.6,74.7,1.94,1724973,-553124
GOLD,15m,lock 0.2R at 0.4R,2026,5.3,56.2,1.09,424688,-1397130
GOLD,15m,lock 0.25R at 0.5R,ALL,5.2,66.4,1.48,2960442,-1558928
GOLD,15m,lock 0.25R at 0.5R,2025,5.4,72.3,2.31,2378328,-391718
GOLD,15m,lock 0.25R at 0.5R,2026,5.0,57.8,1.13,582114,-1558928
GOLD,15m,lock 0.3R at 0.6R,ALL,5.0,62.3,1.53,3362869,-1387616
GOLD,15m,lock 0.3R at 0.6R,2025,5.2,68.3,2.4,2537253,-434823
GOLD,15m,lock 0.3R at 0.6R,2026,4.8,53.5,1.18,825616,-1387616
GOLD,15m,lock 0.4R at 0.8R,ALL,4.5,57.9,1.7,4381888,-1253133
GOLD,15m,lock 0.4R at 0.8R,2025,4.7,64.3,2.68,2990569,-383472
GOLD,15m,lock 0.4R at 0.8R,2026,4.3,48.7,1.31,1391319,-1253133
SILVER,5m,lock 0.15R at 0.3R,ALL,16.2,75.6,2.55,7120799,-696701
SILVER,5m,lock 0.15R at 0.3R,2025,16.2,71.3,2.1,1563945,-241201
SILVER,5m,lock 0.15R at 0.3R,2026,16.1,81.4,2.76,5556854,-696701
SILVER,5m,lock 0.2R at 0.4R,ALL,14.6,72.0,2.33,7142664,-583003
SILVER,5m,lock 0.2R at 0.4R,2025,14.7,71.6,2.37,1933096,-212573
SILVER,5m,lock 0.2R at 0.4R,2026,14.6,72.5,2.32,5209568,-583003
SILVER,5m,lock 0.25R at 0.5R,ALL,13.9,65.6,2.3,7325385,-478712
SILVER,5m,lock 0.25R at 0.5R,2025,14.0,64.9,2.09,1713448,-187621
SILVER,5m,lock 0.25R at 0.5R,2026,13.7,66.7,2.39,5611937,-478712
SILVER,5m,lock 0.3R at 0.6R,ALL,13.1,62.3,1.99,6276055,-751106
SILVER,5m,lock 0.3R at 0.6R,2025,12.8,62.1,2.2,1920607,-230899
SILVER,5m,lock 0.3R at 0.6R,2026,13.7,62.6,1.92,4355448,-751106
SILVER,5m,lock 0.4R at 0.8R,ALL,11.9,57.0,1.94,6224693,-863804
SILVER,5m,lock 0.4R at 0.8R,2025,11.5,58.7,2.37,2109617,-174266
SILVER,5m,lock 0.4R at 0.8R,2026,12.3,55.0,1.81,4115075,-863804
SILVER,15m,lock 0.15R at 0.3R,ALL,6.3,73.5,1.9,3407907,-1161658
SILVER,15m,lock 0.15R at 0.3R,2025,5.8,72.5,2.85,1563954,-152143
SILVER,15m,lock 0.15R at 0.3R,2026,7.0,74.6,1.63,1843953,-1161658
SILVER,15m,lock 0.2R at 0.4R,ALL,5.6,70.3,1.78,3403659,-1113946
SILVER,15m,lock 0.2R at 0.4R,2025,5.1,72.1,3.3,1700337,-158339
SILVER,15m,lock 0.2R at 0.4R,2026,6.3,68.4,1.47,1703322,-1113946
SILVER,15m,lock 0.25R at 0.5R,ALL,5.5,65.5,1.82,3815611,-1018230
SILVER,15m,lock 0.25R at 0.5R,2025,5.2,66.1,2.91,1598543,-209236
SILVER,15m,lock 0.25R at 0.5R,2026,6.0,64.8,1.58,2217069,-1018230
SILVER,15m,lock 0.3R at 0.6R,ALL,5.3,64.9,1.96,4291222,-1161355
SILVER,15m,lock 0.3R at 0.6R,2025,4.9,62.7,2.92,1716492,-204395
SILVER,15m,lock 0.3R at 0.6R,2026,5.8,67.3,1.72,2574730,-1161355
SILVER,15m,lock 0.4R at 0.8R,ALL,4.9,56.3,1.88,4077948,-1105007
SILVER,15m,lock 0.4R at 0.8R,2025,4.5,51.9,2.43,1482623,-288860
SILVER,15m,lock 0.4R at 0.8R,2026,5.4,61.2,1.72,2595325,-1105007
