tf,signal,regime,stop_atr,max_bars,tpm_25,win_25,pf_25,net_L_25,dd_L_25,rf_25,tpm_26,win_26,pf_26,net_L_26,dd_L_26,rf_26,tpm_JulSep26,win_JulSep26,pf_JulSep26,net_L_JulSep26,dd_L_JulSep26,rf_JulSep26,score_25,eligible
5,BB2.0,none,1.5,12,229.8,37.8,0.62,-60.03,-60.78,-0.99,224.2,39.1,0.75,-89.74,-90.36,-0.99,247.5,38.9,0.65,-20.85,-21.93,-0.95,-0.9483333333333333,False
5,BB2.0,none,1.5,0,228.2,39.3,0.64,-57.34,-58.65,-0.98,221.1,39.7,0.76,-90.32,-91.19,-0.99,244.2,39.4,0.67,-20.94,-22.38,-0.94,-0.9283333333333333,False
5,BB2.0,none,2.5,12,186.5,45.2,0.62,-53.29,-54.0,-0.99,182.9,46.7,0.72,-96.75,-97.23,-1.0,197.5,45.6,0.66,-18.17,-19.13,-0.95,-0.9516666666666668,False
5,BB2.0,none,2.5,0,182.6,48.3,0.65,-49.06,-50.0,-0.98,178.4,50.5,0.74,-93.85,-94.58,-0.99,193.8,49.7,0.69,-17.73,-19.17,-0.93,-0.9283333333333333,False
5,BB2.0,htf_split,1.5,12,98.5,36.9,0.54,-26.95,-26.95,-1.0,85.9,38.8,0.77,-28.72,-35.48,-0.81,88.3,37.3,0.58,-9.9,-11.46,-0.86,-0.9871428571428572,False
5,BB2.0,htf_split,1.5,0,98.0,38.8,0.56,-26.28,-26.28,-1.0,84.8,39.8,0.79,-27.43,-35.37,-0.78,87.5,37.1,0.62,-9.31,-11.12,-0.84,-0.9842857142857143,False
5,BB2.0,htf_split,2.5,12,79.3,43.8,0.55,-22.55,-22.59,-1.0,71.0,48.5,0.77,-27.39,-34.61,-0.79,69.6,45.5,0.6,-8.36,-9.8,-0.85,-0.9828571428571429,False
5,BB2.0,htf_split,2.5,0,77.8,47.5,0.6,-20.85,-20.97,-0.99,69.0,52.3,0.81,-22.84,-33.19,-0.69,68.8,49.1,0.63,-8.24,-9.92,-0.83,-0.9785714285714285,False
5,BB2.0,adx1h<20,1.5,12,65.5,37.0,0.55,-17.2,-17.22,-1.0,48.3,38.4,0.62,-25.97,-26.52,-0.98,56.2,36.3,0.57,-6.27,-6.6,-0.95,-0.9714285714285714,False
5,BB2.0,adx1h<20,1.5,0,65.2,38.3,0.55,-18.14,-18.2,-1.0,47.8,38.6,0.59,-29.43,-30.22,-0.97,55.8,36.6,0.59,-6.08,-6.66,-0.91,-0.9700000000000001,False
5,BB2.0,adx1h<20,2.5,12,53.5,44.1,0.54,-16.27,-16.33,-1.0,39.1,45.5,0.59,-26.51,-26.9,-0.99,42.9,40.8,0.53,-6.52,-6.84,-0.95,-0.9842857142857143,False
5,BB2.0,adx1h<20,2.5,0,52.2,46.5,0.54,-16.99,-17.08,-0.99,38.3,49.9,0.59,-28.91,-29.56,-0.98,42.5,45.1,0.55,-6.52,-7.08,-0.92,-0.9785714285714285,False
5,BB2.0,adx1h<25,1.5,12,111.4,37.3,0.58,-28.46,-29.12,-0.98,88.9,40.2,0.71,-34.01,-34.63,-0.98,110.4,38.1,0.62,-10.29,-10.98,-0.94,-0.9566666666666667,False
5,BB2.0,adx1h<25,1.5,0,111.0,38.8,0.6,-27.96,-28.58,-0.98,87.3,41.0,0.71,-36.16,-37.03,-0.98,108.8,39.1,0.65,-9.74,-10.75,-0.91,-0.9466666666666667,False
5,BB2.0,adx1h<25,2.5,12,90.8,44.5,0.57,-26.58,-26.89,-0.99,72.1,48.4,0.72,-30.13,-30.6,-0.98,86.7,44.2,0.64,-8.49,-9.17,-0.93,-0.9633333333333333,False
5,BB2.0,adx1h<25,2.5,0,89.1,47.6,0.6,-25.07,-25.52,-0.98,70.1,51.7,0.71,-32.6,-33.33,-0.98,84.6,47.3,0.64,-9.19,-10.2,-0.9,-0.9566666666666667,False
5,BB2.5,none,1.5,12,106.8,35.7,0.6,-29.92,-30.24,-0.99,104.1,36.8,0.71,-52.11,-52.81,-0.99,119.2,37.1,0.65,-10.58,-11.84,-0.89,-0.9114285714285714,False
5,BB2.5,none,1.5,0,106.5,37.4,0.64,-28.33,-29.5,-0.96,103.7,37.3,0.72,-53.61,-54.55,-0.98,118.8,37.5,0.69,-10.05,-11.5,-0.87,-0.8957142857142858,False
5,BB2.5,none,2.5,12,95.2,43.7,0.64,-27.03,-29.59,-0.91,90.6,45.4,0.72,-50.43,-51.07,-0.99,102.9,43.3,0.68,-9.4,-10.32,-0.91,-0.8857142857142858,False
5,BB2.5,none,2.5,0,94.6,48.0,0.68,-24.18,-27.58,-0.88,89.6,49.6,0.73,-54.26,-55.15,-0.98,102.1,48.2,0.72,-9.35,-10.7,-0.87,-0.8557142857142856,False
5,BB2.5,htf_split,1.5,12,45.1,34.4,0.52,-13.67,-14.01,-0.98,39.7,36.7,0.85,-9.12,-18.14,-0.5,45.8,34.5,0.61,-5.12,-5.59,-0.92,-0.9775,False
5,BB2.5,htf_split,1.5,0,45.0,36.1,0.54,-13.65,-13.66,-1.0,39.6,37.4,0.86,-8.45,-16.92,-0.5,45.8,33.6,0.64,-4.92,-5.64,-0.87,-0.96875,False
5,BB2.5,htf_split,2.5,12,40.4,43.3,0.56,-12.16,-12.93,-0.94,34.4,46.5,0.91,-5.4,-17.78,-0.3,37.5,41.1,0.58,-5.28,-5.73,-0.92,-0.9625,False
5,BB2.5,htf_split,2.5,0,40.2,47.7,0.6,-11.36,-12.1,-0.94,34.1,52.1,0.98,-1.47,-16.54,-0.09,37.5,46.7,0.62,-5.15,-5.88,-0.88,-0.95875,False
5,BB2.5,adx1h<20,1.5,12,30.7,33.7,0.56,-8.73,-8.76,-1.0,23.1,35.1,0.56,-15.75,-17.05,-0.92,27.5,28.8,0.45,-4.35,-4.5,-0.97,-0.9512499999999999,False
5,BB2.5,adx1h<20,1.5,0,30.7,35.3,0.54,-9.84,-9.91,-0.99,23.0,35.3,0.52,-18.92,-19.9,-0.95,27.5,28.8,0.48,-4.3,-4.69,-0.92,-0.945,False
5,BB2.5,adx1h<20,2.5,12,26.5,39.9,0.54,-9.36,-9.36,-1.0,19.9,43.0,0.58,-14.78,-15.89,-0.93,22.5,35.2,0.45,-4.23,-4.36,-0.97,-0.95875,False
5,BB2.5,adx1h<20,2.5,0,26.2,43.8,0.54,-10.0,-10.01,-1.0,19.7,48.6,0.55,-17.63,-18.44,-0.96,22.5,40.7,0.48,-4.2,-4.57,-0.92,-0.94125,False
5,BB2.5,adx1h<25,1.5,12,52.1,36.2,0.65,-11.37,-11.41,-1.0,41.7,39.7,0.75,-13.91,-14.6,-0.95,52.9,36.2,0.63,-5.01,-5.79,-0.87,-0.92,False
5,BB2.5,adx1h<25,1.5,0,52.1,38.1,0.67,-11.37,-11.83,-0.96,41.4,40.8,0.73,-16.32,-17.26,-0.95,52.9,37.8,0.69,-4.39,-5.21,-0.84,-0.9128571428571429,False
5,BB2.5,adx1h<25,2.5,12,45.7,43.1,0.64,-11.63,-11.63,-1.0,37.2,48.1,0.78,-11.98,-13.66,-0.88,47.1,43.4,0.63,-4.97,-5.74,-0.87,-0.9400000000000001,False
5,BB2.5,adx1h<25,2.5,0,45.4,47.3,0.67,-11.07,-11.23,-0.99,36.7,53.0,0.74,-15.98,-16.87,-0.95,46.7,48.2,0.65,-5.21,-6.01,-0.87,-0.92,False
5,BB3.0,none,1.5,12,36.6,33.7,0.59,-10.92,-11.31,-0.97,34.6,36.0,0.75,-16.52,-21.77,-0.76,39.6,37.9,0.74,-2.69,-3.54,-0.76,-0.807142857142857,False
5,BB3.0,none,1.5,0,36.5,36.1,0.63,-10.48,-10.93,-0.96,34.4,36.1,0.76,-18.17,-24.87,-0.73,39.2,39.4,0.8,-2.28,-3.54,-0.64,-0.7728571428571429,False
5,BB3.0,none,2.5,12,34.4,42.1,0.67,-8.74,-10.77,-0.81,33.4,41.2,0.75,-17.66,-22.39,-0.79,38.3,39.1,0.66,-4.0,-4.79,-0.84,-0.7471428571428572,False
5,BB3.0,none,2.5,0,34.2,45.5,0.7,-8.56,-10.96,-0.78,33.0,46.1,0.77,-18.88,-24.51,-0.77,37.9,46.2,0.72,-3.66,-4.81,-0.76,-0.6942857142857142,False
5,BB3.0,htf_split,1.5,12,15.4,30.3,0.42,-6.2,-6.34,-0.98,12.1,34.9,1.05,1.03,-8.18,0.13,12.9,35.5,0.65,-1.44,-1.6,-0.9,-0.91,False
5,BB3.0,htf_split,1.5,0,15.4,31.9,0.42,-6.75,-6.93,-0.97,12.1,35.8,1.06,1.31,-8.55,0.15,12.9,35.5,0.8,-0.81,-1.42,-0.57,-0.8624999999999999,False
5,BB3.0,htf_split,2.5,12,14.2,39.2,0.46,-5.71,-5.83,-0.98,11.8,41.5,1.06,1.3,-8.31,0.16,11.7,35.7,0.57,-1.97,-2.29,-0.86,-0.935,False
5,BB3.0,htf_split,2.5,0,14.2,41.5,0.49,-5.85,-5.97,-0.98,11.7,48.6,1.15,3.41,-8.5,0.4,11.7,42.9,0.64,-1.77,-2.62,-0.67,-0.92625,False
5,BB3.0,adx1h<20,1.5,12,10.9,31.3,0.57,-3.16,-3.2,-0.99,8.0,34.7,0.6,-5.82,-6.68,-0.87,9.6,34.8,0.55,-1.07,-1.26,-0.84,-0.9175,False
5,BB3.0,adx1h<20,1.5,0,10.9,32.8,0.52,-3.99,-4.12,-0.97,8.0,34.7,0.54,-7.59,-7.97,-0.95,9.6,34.8,0.67,-0.82,-1.14,-0.72,-0.87125,False
5,BB3.0,adx1h<20,2.5,12,9.9,37.8,0.51,-4.14,-4.14,-1.0,7.7,34.8,0.54,-7.48,-8.2,-0.91,8.3,30.0,0.41,-1.5,-1.67,-0.9,-0.94375,False
5,BB3.0,adx1h<20,2.5,0,9.9,41.2,0.48,-4.88,-4.96,-0.98,7.6,38.2,0.44,-11.15,-11.56,-0.96,8.3,40.0,0.55,-1.17,-1.58,-0.74,-0.93,False
5,BB3.0,adx1h<25,1.5,12,18.2,32.0,0.59,-4.93,-5.37,-0.92,14.7,37.9,0.73,-6.12,-7.61,-0.8,19.2,37.0,0.66,-1.7,-2.05,-0.83,-0.85,False
5,BB3.0,adx1h<25,1.5,0,18.2,34.7,0.58,-5.54,-6.07,-0.91,14.7,38.6,0.7,-7.64,-9.42,-0.81,19.2,39.1,0.8,-1.04,-1.71,-0.61,-0.7742857142857142,False
5,BB3.0,adx1h<25,2.5,12,16.9,39.4,0.56,-5.77,-5.99,-0.96,14.3,39.5,0.66,-8.5,-10.58,-0.8,17.9,34.9,0.54,-2.61,-3.06,-0.86,-0.8657142857142857,False
5,BB3.0,adx1h<25,2.5,0,16.8,44.6,0.59,-5.78,-6.01,-0.96,14.2,43.8,0.6,-12.47,-12.93,-0.96,17.9,41.9,0.59,-2.67,-3.44,-0.78,-0.7985714285714286,False
5,VWAP1.5,none,1.5,12,349.5,36.5,0.62,-85.54,-88.38,-0.97,337.9,39.1,0.87,-67.13,-80.71,-0.83,375.4,37.4,0.68,-27.68,-27.86,-0.99,-0.9571428571428571,False
5,VWAP1.5,none,1.5,0,248.4,35.1,0.69,-59.23,-63.74,-0.93,227.8,33.5,0.89,-47.08,-64.49,-0.73,253.3,33.2,0.71,-20.97,-21.07,-1.0,-0.9385714285714286,False
5,VWAP1.5,none,2.5,12,279.4,42.7,0.63,-73.05,-76.2,-0.96,273.8,46.2,0.83,-80.78,-87.0,-0.93,301.2,44.0,0.67,-25.55,-25.62,-1.0,-0.9299999999999999,False
5,VWAP1.5,none,2.5,0,180.8,46.9,0.72,-45.88,-50.81,-0.9,165.0,45.0,0.88,-47.42,-62.38,-0.76,183.3,45.7,0.73,-17.74,-17.81,-1.0,-0.9085714285714285,False
5,VWAP1.5,htf_split,1.5,12,150.6,36.9,0.6,-34.04,-34.04,-1.0,129.2,38.2,0.85,-26.14,-43.17,-0.61,133.3,35.3,0.54,-15.83,-15.91,-1.0,-0.9837499999999999,False
5,VWAP1.5,htf_split,1.5,0,107.8,36.0,0.66,-24.1,-24.1,-1.0,89.7,32.2,0.85,-22.56,-40.06,-0.56,93.8,28.4,0.52,-14.22,-14.22,-1.0,-0.97125,False
5,VWAP1.5,htf_split,2.5,12,120.8,42.5,0.6,-28.99,-28.99,-1.0,105.4,45.1,0.85,-25.2,-43.33,-0.58,107.1,40.9,0.55,-14.17,-14.3,-0.99,-0.9824999999999999,False
5,VWAP1.5,htf_split,2.5,0,78.3,48.3,0.7,-18.13,-18.31,-0.99,64.7,43.5,0.89,-14.93,-35.22,-0.42,67.9,39.9,0.55,-12.56,-12.81,-0.98,-0.96625,False
5,VWAP1.5,adx1h<20,1.5,12,101.8,33.1,0.53,-27.66,-28.49,-0.97,74.0,37.2,0.75,-23.48,-27.78,-0.85,90.0,32.9,0.53,-10.57,-11.36,-0.93,-0.9674999999999999,False
5,VWAP1.5,adx1h<20,1.5,0,75.8,32.1,0.6,-20.35,-21.23,-0.96,55.6,33.2,0.77,-18.69,-23.55,-0.79,65.4,29.3,0.58,-8.11,-9.08,-0.89,-0.9475,False
5,VWAP1.5,adx1h<20,2.5,12,81.4,38.7,0.53,-24.32,-25.16,-0.97,59.4,45.8,0.74,-21.45,-25.38,-0.84,70.8,38.8,0.53,-9.65,-10.44,-0.92,-0.96625,False
5,VWAP1.5,adx1h<20,2.5,0,55.2,42.4,0.62,-17.15,-18.04,-0.95,40.8,44.4,0.75,-19.53,-24.41,-0.8,47.9,40.0,0.59,-7.47,-8.11,-0.92,-0.93875,False
5,VWAP1.5,adx1h<25,1.5,12,171.2,35.8,0.64,-35.22,-38.47,-0.92,135.8,39.9,0.86,-23.13,-30.99,-0.75,168.3,37.6,0.68,-12.17,-12.94,-0.94,-0.8885714285714285,False
5,VWAP1.5,adx1h<25,1.5,0,123.4,35.1,0.75,-20.91,-25.8,-0.81,96.3,34.9,0.86,-19.85,-25.94,-0.77,113.8,34.4,0.72,-9.07,-10.05,-0.9,-0.8471428571428571,False
5,VWAP1.5,adx1h<25,2.5,12,137.2,41.6,0.66,-28.65,-32.29,-0.89,110.0,47.3,0.84,-23.26,-29.56,-0.79,132.9,43.3,0.69,-10.7,-11.36,-0.94,-0.88,False
5,VWAP1.5,adx1h<25,2.5,0,90.7,46.0,0.79,-15.03,-20.51,-0.73,70.0,46.7,0.86,-17.97,-24.17,-0.74,80.4,47.7,0.73,-7.36,-8.13,-0.9,-0.8328571428571427,False
5,VWAP2,none,1.5,12,292.7,35.1,0.62,-75.26,-77.49,-0.97,294.3,37.9,0.86,-63.41,-70.19,-0.9,327.5,36.5,0.67,-25.51,-25.72,-0.99,-0.9585714285714285,False
5,VWAP2,none,1.5,0,205.5,32.3,0.69,-51.61,-55.44,-0.93,194.2,30.5,0.87,-47.57,-59.86,-0.79,215.0,30.8,0.71,-18.66,-18.9,-0.99,-0.9357142857142857,False
5,VWAP2,none,2.5,12,232.8,41.1,0.61,-67.54,-69.58,-0.97,235.6,45.4,0.82,-75.51,-76.25,-0.99,260.0,44.2,0.66,-23.1,-23.23,-0.99,-0.9571428571428571,False
5,VWAP2,none,2.5,0,147.7,43.8,0.72,-41.39,-45.13,-0.92,138.4,41.3,0.87,-46.76,-57.68,-0.81,153.3,41.8,0.72,-16.24,-16.37,-0.99,-0.9285714285714285,False
5,VWAP2,htf_split,1.5,12,125.4,35.8,0.59,-29.93,-29.93,-1.0,113.6,37.0,0.85,-24.25,-34.97,-0.69,120.0,34.4,0.55,-14.19,-14.26,-0.99,-0.9874999999999999,False
5,VWAP2,htf_split,1.5,0,89.0,33.8,0.66,-21.47,-21.71,-0.99,77.4,29.4,0.83,-22.9,-35.14,-0.65,82.1,26.4,0.52,-12.82,-12.98,-0.99,-0.97125,False
5,VWAP2,htf_split,2.5,12,100.5,41.7,0.6,-25.06,-25.12,-1.0,91.3,44.0,0.86,-19.88,-31.56,-0.63,96.2,41.1,0.56,-12.69,-12.73,-1.0,-0.9862500000000001,False
5,VWAP2,htf_split,2.5,0,64.0,46.4,0.7,-15.41,-15.66,-0.98,55.0,40.0,0.87,-16.65,-31.24,-0.53,58.8,36.2,0.53,-12.04,-12.22,-0.99,-0.9637500000000001,False
5,VWAP2,adx1h<20,1.5,12,84.9,31.4,0.5,-25.63,-26.43,-0.97,62.1,36.5,0.76,-18.8,-23.28,-0.81,78.8,32.3,0.55,-9.14,-9.55,-0.96,-0.9512499999999999,False
5,VWAP2,adx1h<20,1.5,0,62.6,28.6,0.58,-19.12,-19.97,-0.96,46.1,29.9,0.76,-17.09,-21.09,-0.81,56.7,26.5,0.58,-7.42,-7.99,-0.93,-0.93625,False
5,VWAP2,adx1h<20,2.5,12,66.9,37.0,0.52,-21.42,-22.22,-0.96,49.4,44.9,0.78,-15.5,-21.75,-0.71,63.3,39.5,0.55,-8.7,-9.17,-0.95,-0.96,False
5,VWAP2,adx1h<20,2.5,0,44.6,38.3,0.6,-15.8,-16.67,-0.95,32.9,41.6,0.76,-15.64,-20.64,-0.76,41.2,36.4,0.57,-7.09,-7.37,-0.96,-0.92125,False
5,VWAP2,adx1h<25,1.5,12,142.0,33.7,0.6,-33.83,-36.09,-0.94,114.8,38.1,0.83,-24.61,-32.08,-0.77,145.0,36.5,0.68,-10.99,-11.4,-0.96,-0.8857142857142856,False
5,VWAP2,adx1h<25,1.5,0,101.2,31.1,0.71,-21.21,-24.99,-0.85,80.0,30.7,0.82,-22.86,-27.36,-0.84,96.7,31.5,0.7,-8.42,-9.01,-0.93,-0.8099999999999999,False
5,VWAP2,adx1h<25,2.5,12,112.4,39.8,0.63,-27.12,-29.57,-0.92,90.8,46.4,0.82,-22.46,-30.12,-0.75,113.3,44.1,0.68,-9.8,-10.28,-0.95,-0.8657142857142857,False
5,VWAP2,adx1h<25,2.5,0,72.9,42.1,0.76,-15.16,-19.24,-0.79,56.3,42.0,0.82,-20.07,-24.4,-0.82,67.9,43.6,0.71,-7.37,-7.78,-0.95,-0.7828571428571428,False
5,VWAP3,none,1.5,12,206.4,33.1,0.59,-60.6,-61.52,-0.98,219.0,37.4,0.9,-33.4,-48.73,-0.69,240.0,36.8,0.73,-15.31,-17.06,-0.9,-0.9757142857142858,False
5,VWAP3,none,1.5,0,145.6,28.7,0.68,-40.84,-43.46,-0.94,143.2,28.3,0.92,-22.37,-44.79,-0.5,153.3,28.8,0.75,-11.78,-13.5,-0.87,-0.9571428571428571,False
5,VWAP3,none,2.5,12,165.0,38.3,0.58,-57.56,-59.23,-0.97,175.3,44.5,0.82,-57.86,-61.61,-0.94,193.3,43.3,0.69,-16.39,-17.69,-0.93,-0.972857142857143,False
5,VWAP3,none,2.5,0,103.7,38.9,0.69,-35.99,-38.97,-0.92,103.2,38.1,0.89,-29.71,-47.28,-0.63,112.5,38.9,0.77,-10.17,-11.69,-0.87,-0.95,False
5,VWAP3,htf_split,1.5,12,87.4,33.5,0.57,-23.53,-23.63,-1.0,84.7,35.7,0.85,-18.82,-27.84,-0.68,90.4,34.6,0.54,-11.29,-11.69,-0.96,-0.98375,False
5,VWAP3,htf_split,1.5,0,62.1,29.4,0.67,-15.81,-16.41,-0.96,57.7,26.8,0.84,-16.99,-29.1,-0.58,61.2,22.4,0.49,-10.93,-11.23,-0.97,-0.9675,False
5,VWAP3,htf_split,2.5,12,69.8,37.9,0.56,-20.91,-21.06,-0.99,67.6,42.8,0.83,-19.27,-28.38,-0.68,72.5,39.7,0.53,-10.99,-11.33,-0.97,-0.98125,False
5,VWAP3,htf_split,2.5,0,43.2,40.5,0.72,-11.37,-12.32,-0.92,41.0,37.7,0.88,-12.09,-25.72,-0.47,44.2,32.1,0.54,-9.61,-10.01,-0.96,-0.9525,False
5,VWAP3,adx1h<20,1.5,12,59.4,30.0,0.52,-18.13,-18.23,-0.99,45.4,35.5,0.76,-14.35,-18.86,-0.76,60.4,31.7,0.6,-6.2,-6.93,-0.9,-0.9550000000000001,False
5,VWAP3,adx1h<20,1.5,0,43.9,26.0,0.61,-12.95,-13.18,-0.98,33.6,26.8,0.74,-14.53,-18.99,-0.77,42.9,24.3,0.6,-5.72,-6.66,-0.86,-0.9199999999999999,False
5,VWAP3,adx1h<20,2.5,12,46.8,34.9,0.49,-16.98,-17.02,-1.0,36.0,44.1,0.77,-12.65,-17.2,-0.74,48.8,36.8,0.54,-6.89,-7.57,-0.91,-0.95375,False
5,VWAP3,adx1h<20,2.5,0,31.2,34.4,0.64,-10.75,-12.25,-0.88,24.1,36.9,0.69,-16.63,-19.23,-0.87,31.2,32.0,0.57,-5.92,-6.82,-0.87,-0.87875,False
5,VWAP3,adx1h<25,1.5,12,99.6,32.3,0.6,-25.43,-26.33,-0.97,83.8,37.7,0.85,-15.65,-22.81,-0.69,102.5,37.0,0.76,-5.77,-6.47,-0.89,-0.9442857142857142,False
5,VWAP3,adx1h<25,1.5,0,72.1,28.7,0.73,-14.99,-17.41,-0.86,58.7,28.0,0.83,-16.63,-22.79,-0.73,67.1,28.6,0.72,-5.81,-6.78,-0.86,-0.91,False
5,VWAP3,adx1h<25,2.5,12,79.5,37.8,0.6,-21.96,-23.5,-0.93,66.7,44.5,0.81,-17.8,-22.72,-0.78,83.3,41.0,0.7,-7.22,-7.94,-0.91,-0.9414285714285714,False
5,VWAP3,adx1h<25,2.5,0,51.6,38.3,0.76,-11.39,-14.04,-0.81,42.1,38.3,0.79,-19.0,-22.15,-0.86,49.6,38.7,0.75,-4.97,-5.92,-0.84,-0.8514285714285714,False
5,RSI5,none,1.5,12,288.5,41.6,0.54,-63.77,-64.41,-0.99,276.7,52.7,0.8,-61.12,-61.93,-0.99,294.6,50.8,0.63,-17.83,-19.29,-0.92,-0.9642857142857144,False
5,RSI5,none,1.5,0,288.5,41.6,0.54,-63.77,-64.41,-0.99,276.7,52.7,0.8,-61.16,-61.98,-0.99,294.6,50.8,0.63,-17.83,-19.29,-0.92,-0.9585714285714287,False
5,RSI5,none,2.5,12,246.0,43.1,0.52,-57.55,-58.16,-0.99,239.9,56.7,0.76,-69.33,-70.06,-0.99,250.4,53.9,0.64,-14.87,-16.29,-0.91,-0.9628571428571429,False
5,RSI5,none,2.5,0,245.9,43.1,0.52,-57.6,-58.21,-0.99,239.7,56.7,0.76,-69.19,-69.92,-0.99,250.4,53.9,0.64,-14.87,-16.29,-0.91,-0.9557142857142857,False
5,RSI5,htf_split,1.5,12,121.1,39.3,0.42,-30.49,-30.74,-0.99,104.6,52.8,0.86,-14.1,-19.05,-0.74,107.5,48.8,0.59,-8.19,-8.85,-0.93,-0.9937499999999999,False
5,RSI5,htf_split,1.5,0,121.1,39.3,0.42,-30.49,-30.74,-0.99,104.6,52.9,0.86,-14.15,-19.09,-0.74,107.5,48.8,0.59,-8.19,-8.85,-0.93,-0.98875,False
5,RSI5,htf_split,2.5,12,102.3,41.4,0.43,-25.94,-26.2,-0.99,91.2,57.4,0.86,-12.97,-18.22,-0.71,90.0,53.2,0.54,-8.32,-9.5,-0.88,-0.9924999999999999,False
5,RSI5,htf_split,2.5,0,102.2,41.3,0.43,-25.9,-26.16,-0.99,91.0,57.4,0.86,-12.97,-18.16,-0.71,90.0,53.2,0.54,-8.32,-9.5,-0.88,-0.9837499999999999,False
5,RSI5,adx1h<20,1.5,12,79.2,39.5,0.46,-17.67,-17.7,-1.0,56.3,52.1,0.72,-14.94,-17.6,-0.85,64.6,45.2,0.54,-5.4,-6.35,-0.85,-0.97375,False
5,RSI5,adx1h<20,1.5,0,79.2,39.5,0.46,-17.67,-17.7,-1.0,56.3,52.3,0.72,-14.98,-17.65,-0.85,64.6,45.2,0.54,-5.4,-6.35,-0.85,-0.9724999999999999,False
5,RSI5,adx1h<20,2.5,12,66.6,40.6,0.45,-16.27,-16.3,-1.0,48.9,55.5,0.65,-18.42,-19.03,-0.97,53.3,50.0,0.51,-5.32,-6.11,-0.87,-0.99,False
5,RSI5,adx1h<20,2.5,0,66.6,40.6,0.45,-16.27,-16.3,-1.0,48.8,55.6,0.65,-18.43,-19.03,-0.97,53.3,50.0,0.51,-5.32,-6.11,-0.87,-0.975,False
5,RSI5,adx1h<25,1.5,12,137.6,41.1,0.48,-31.58,-32.23,-0.98,104.9,53.8,0.83,-15.9,-19.69,-0.81,127.1,50.5,0.62,-8.16,-9.69,-0.84,-0.9657142857142856,False
5,RSI5,adx1h<25,1.5,0,137.6,41.1,0.48,-31.58,-32.23,-0.98,104.9,53.9,0.83,-15.95,-19.73,-0.81,127.1,50.5,0.62,-8.16,-9.69,-0.84,-0.9500000000000001,False
5,RSI5,adx1h<25,2.5,12,118.2,43.0,0.49,-27.07,-27.6,-0.98,91.8,56.5,0.8,-17.45,-18.67,-0.93,106.7,53.1,0.6,-7.86,-9.33,-0.84,-0.9600000000000001,False
5,RSI5,adx1h<25,2.5,0,118.2,43.0,0.49,-27.1,-27.63,-0.98,91.7,56.6,0.8,-17.46,-18.68,-0.93,106.7,53.1,0.6,-7.86,-9.33,-0.84,-0.9442857142857145,False
5,RSI10,none,1.5,12,487.7,40.9,0.49,-115.82,-116.07,-1.0,468.3,52.6,0.75,-121.91,-122.51,-1.0,499.6,52.7,0.65,-26.68,-27.14,-0.98,-0.9833333333333334,False
5,RSI10,none,1.5,0,487.7,40.9,0.49,-115.83,-116.09,-1.0,468.3,52.6,0.75,-121.51,-122.11,-1.0,499.6,52.7,0.65,-26.68,-27.14,-0.98,-0.9833333333333334,False
5,RSI10,none,2.5,12,411.8,42.2,0.47,-102.56,-102.68,-1.0,399.7,55.7,0.72,-121.03,-121.77,-0.99,423.3,55.4,0.67,-21.67,-22.53,-0.96,-0.9933333333333333,False
5,RSI10,none,2.5,0,411.5,42.2,0.47,-102.61,-102.73,-1.0,399.4,55.7,0.72,-121.18,-121.93,-0.99,423.3,55.4,0.67,-21.67,-22.53,-0.96,-0.9933333333333333,False
5,RSI10,htf_split,1.5,12,204.8,39.3,0.42,-49.59,-49.8,-1.0,181.2,51.8,0.74,-44.61,-44.99,-0.99,171.7,50.2,0.56,-13.07,-13.36,-0.98,-0.9971428571428572,False
5,RSI10,htf_split,1.5,0,204.8,39.3,0.42,-49.61,-49.81,-1.0,181.2,51.9,0.74,-44.21,-44.59,-0.99,171.7,50.2,0.56,-13.07,-13.36,-0.98,-0.9971428571428572,False
5,RSI10,htf_split,2.5,12,172.5,40.8,0.4,-44.07,-44.28,-1.0,155.6,55.2,0.74,-39.23,-39.81,-0.99,143.3,52.6,0.52,-12.83,-13.32,-0.96,-0.9971428571428572,False
5,RSI10,htf_split,2.5,0,172.3,40.8,0.4,-44.05,-44.26,-1.0,155.3,55.2,0.73,-39.39,-39.98,-0.99,143.3,52.6,0.52,-12.83,-13.32,-0.96,-0.9971428571428572,False
5,RSI10,adx1h<20,1.5,12,136.2,39.5,0.43,-31.51,-31.66,-1.0,100.4,52.0,0.7,-25.36,-25.98,-0.98,113.3,50.4,0.56,-8.45,-9.34,-0.9,-0.9942857142857143,False
5,RSI10,adx1h<20,1.5,0,136.2,39.5,0.43,-31.51,-31.66,-1.0,100.4,52.1,0.7,-25.41,-26.03,-0.98,113.3,50.4,0.56,-8.45,-9.34,-0.9,-0.9942857142857143,False
5,RSI10,adx1h<20,2.5,12,114.3,40.2,0.42,-28.15,-28.29,-1.0,85.1,54.3,0.66,-26.22,-26.88,-0.98,93.3,55.4,0.54,-7.57,-8.55,-0.89,-0.9957142857142857,False
5,RSI10,adx1h<20,2.5,0,114.2,40.3,0.42,-28.14,-28.28,-1.0,85.0,54.4,0.66,-26.23,-26.88,-0.98,93.3,55.4,0.54,-7.57,-8.55,-0.89,-0.9957142857142857,False
5,RSI10,adx1h<25,1.5,12,232.3,40.0,0.45,-53.69,-53.96,-0.99,186.2,53.6,0.78,-33.91,-35.45,-0.96,222.9,54.2,0.66,-11.59,-12.95,-0.89,-0.9833333333333334,False
5,RSI10,adx1h<25,1.5,0,232.3,40.0,0.45,-53.69,-53.96,-0.99,186.2,53.7,0.78,-33.96,-35.49,-0.96,222.9,54.2,0.66,-11.59,-12.95,-0.89,-0.9833333333333334,False
5,RSI10,adx1h<25,2.5,12,196.8,41.1,0.45,-46.72,-47.02,-0.99,160.3,56.2,0.76,-32.99,-33.73,-0.98,188.3,57.7,0.69,-8.93,-10.6,-0.84,-0.9833333333333334,False
5,RSI10,adx1h<25,2.5,0,196.8,41.1,0.45,-46.73,-47.03,-0.99,160.2,56.2,0.76,-32.99,-33.74,-0.98,188.3,57.7,0.69,-8.93,-10.6,-0.84,-0.9833333333333334,False
15,BB2.0,none,1.5,12,78.3,40.6,0.79,-17.53,-23.79,-0.74,76.4,38.7,0.8,-43.18,-50.14,-0.86,84.6,41.9,0.76,-7.87,-9.75,-0.81,-0.7916666666666666,False
15,BB2.0,none,1.5,0,77.8,42.0,0.82,-14.85,-22.36,-0.66,75.4,39.6,0.83,-37.54,-44.38,-0.85,83.3,42.5,0.79,-7.19,-8.89,-0.81,-0.7583333333333333,False
15,BB2.0,none,2.5,12,64.2,46.4,0.77,-18.08,-21.41,-0.84,62.8,46.7,0.76,-49.62,-59.27,-0.84,69.2,50.6,0.84,-4.47,-7.23,-0.62,-0.8266666666666667,False
15,BB2.0,none,2.5,0,62.8,50.5,0.8,-15.46,-20.49,-0.75,61.1,48.7,0.8,-42.74,-52.39,-0.82,66.7,50.6,0.83,-4.85,-7.23,-0.67,-0.7866666666666666,False
15,BB2.0,htf_split,1.5,12,33.0,39.4,0.63,-12.14,-12.93,-0.94,28.7,41.5,1.08,5.25,-15.3,0.34,30.4,38.4,0.6,-5.43,-6.2,-0.88,-0.9014285714285715,False
15,BB2.0,htf_split,1.5,0,32.8,41.4,0.68,-10.65,-11.58,-0.92,27.9,41.0,1.05,3.73,-16.74,0.22,29.6,38.0,0.62,-5.21,-6.0,-0.87,-0.8871428571428572,False
15,BB2.0,htf_split,2.5,12,26.8,44.9,0.58,-12.6,-13.16,-0.96,23.7,49.3,1.06,3.82,-17.05,0.22,24.6,47.5,0.65,-4.39,-5.19,-0.85,-0.9357142857142857,False
15,BB2.0,htf_split,2.5,0,26.4,48.3,0.59,-12.95,-13.62,-0.95,22.8,49.3,1.0,-0.07,-20.04,-0.0,24.2,46.6,0.64,-4.9,-5.73,-0.86,-0.9142857142857143,False
15,BB2.0,adx1h<20,1.5,12,23.1,37.5,0.68,-6.85,-8.32,-0.82,17.0,31.4,0.51,-22.78,-23.37,-0.97,20.8,30.0,0.54,-4.37,-5.13,-0.85,-0.8485714285714285,False
15,BB2.0,adx1h<20,1.5,0,23.0,38.4,0.7,-6.63,-7.96,-0.83,17.0,33.3,0.52,-23.91,-24.65,-0.97,20.8,30.0,0.52,-4.77,-5.53,-0.86,-0.84,False
15,BB2.0,adx1h<20,2.5,12,18.7,41.5,0.6,-8.38,-9.16,-0.91,14.6,35.1,0.35,-35.94,-36.53,-0.98,16.2,35.9,0.55,-3.78,-4.79,-0.79,-0.8771428571428571,False
15,BB2.0,adx1h<20,2.5,0,18.4,46.2,0.63,-8.0,-8.99,-0.89,14.6,39.7,0.35,-37.85,-38.59,-0.98,16.2,41.0,0.59,-3.33,-4.35,-0.77,-0.86,False
15,BB2.0,adx1h<25,1.5,12,38.2,39.7,0.75,-9.19,-11.57,-0.79,29.7,31.8,0.48,-39.99,-40.57,-0.99,37.5,33.3,0.45,-9.23,-9.26,-1.0,-0.7966666666666667,False
15,BB2.0,adx1h<25,1.5,0,38.1,39.8,0.76,-9.25,-11.8,-0.78,29.3,33.3,0.5,-39.16,-40.05,-0.98,36.7,33.0,0.46,-9.25,-9.28,-1.0,-0.7916666666666666,False
15,BB2.0,adx1h<25,2.5,12,31.3,44.7,0.7,-10.32,-12.48,-0.83,25.0,36.4,0.36,-54.64,-55.22,-0.99,29.6,39.4,0.5,-7.41,-8.15,-0.91,-0.8283333333333335,False
15,BB2.0,adx1h<25,2.5,0,30.9,49.1,0.73,-9.55,-11.83,-0.81,24.4,38.6,0.38,-54.53,-55.27,-0.99,28.8,39.1,0.51,-7.23,-8.08,-0.9,-0.8066666666666666,False
15,BB2.5,none,1.5,12,40.1,39.1,0.84,-7.72,-13.3,-0.58,42.2,36.8,0.79,-25.44,-28.74,-0.89,46.2,43.2,0.93,-1.18,-4.02,-0.29,-0.6271428571428572,False
15,BB2.5,none,1.5,0,40.0,40.0,0.87,-6.23,-12.38,-0.5,42.0,38.6,0.84,-20.5,-24.57,-0.83,45.8,44.5,0.95,-0.89,-3.72,-0.24,-0.5700000000000001,False
15,BB2.5,none,2.5,12,35.3,44.8,0.83,-8.01,-11.76,-0.68,37.1,46.7,0.85,-17.83,-25.44,-0.7,40.0,56.2,1.16,2.23,-2.65,0.84,-0.6171428571428572,False
15,BB2.5,none,2.5,0,34.9,48.7,0.88,-5.64,-10.52,-0.54,37.0,49.8,0.9,-12.02,-20.04,-0.6,40.0,57.3,1.14,2.14,-3.25,0.66,-0.5485714285714286,False
15,BB2.5,htf_split,1.5,12,16.0,34.4,0.52,-9.58,-10.3,-0.93,15.0,40.7,1.11,4.11,-10.08,0.41,15.8,44.7,0.88,-0.78,-1.6,-0.49,-0.79375,False
15,BB2.5,htf_split,1.5,0,15.9,37.2,0.57,-8.35,-9.18,-0.91,14.8,40.6,1.06,2.39,-10.78,0.22,15.4,43.2,0.82,-1.2,-1.91,-0.63,-0.7350000000000001,False
15,BB2.5,htf_split,2.5,12,14.2,38.0,0.52,-9.18,-9.66,-0.95,13.0,48.7,1.22,7.03,-11.02,0.64,13.3,56.2,0.93,-0.43,-2.17,-0.2,-0.865,False
15,BB2.5,htf_split,2.5,0,14.0,42.3,0.54,-9.31,-9.9,-0.94,12.9,47.4,1.05,1.73,-12.88,0.13,13.3,50.0,0.79,-1.44,-2.5,-0.57,-0.8325,False
15,BB2.5,adx1h<20,1.5,12,11.3,36.0,0.7,-3.51,-5.4,-0.65,10.3,25.8,0.41,-19.16,-19.61,-0.98,12.1,24.1,0.49,-3.08,-3.39,-0.91,-0.7324999999999999,False
15,BB2.5,adx1h<20,1.5,0,11.2,38.5,0.75,-3.04,-4.75,-0.64,10.3,26.9,0.41,-20.9,-21.24,-0.98,12.1,24.1,0.46,-3.48,-3.69,-0.94,-0.6775,False
15,BB2.5,adx1h<20,2.5,12,10.1,39.7,0.64,-4.28,-5.89,-0.73,9.2,32.5,0.32,-25.56,-26.01,-0.98,10.0,41.7,0.88,-0.53,-1.66,-0.32,-0.7737499999999999,False
15,BB2.5,adx1h<20,2.5,0,9.9,45.4,0.72,-3.34,-5.23,-0.64,9.2,38.6,0.31,-27.22,-27.76,-0.98,10.0,50.0,0.99,-0.04,-1.26,-0.03,-0.74875,False
15,BB2.5,adx1h<25,1.5,12,19.8,39.2,0.78,-4.37,-7.6,-0.58,16.6,28.9,0.46,-25.74,-26.19,-0.98,19.6,27.7,0.43,-5.56,-5.67,-0.98,-0.6385714285714287,False
15,BB2.5,adx1h<25,1.5,0,19.7,39.8,0.82,-3.97,-7.07,-0.56,16.6,30.9,0.49,-25.55,-25.89,-0.99,19.6,27.7,0.39,-6.2,-6.2,-1.0,-0.5657142857142857,False
15,BB2.5,adx1h<25,2.5,12,17.7,44.8,0.76,-4.84,-7.59,-0.64,15.0,36.3,0.39,-32.82,-33.27,-0.99,17.1,43.9,0.69,-2.48,-3.78,-0.66,-0.6657142857142857,False
15,BB2.5,adx1h<25,2.5,0,17.5,48.6,0.83,-3.67,-6.69,-0.55,15.0,40.0,0.41,-33.02,-33.42,-0.99,17.1,43.9,0.62,-3.13,-4.41,-0.71,-0.6071428571428571,False
15,BB3.0,none,1.5,12,15.7,38.8,1.01,0.15,-5.62,0.03,18.9,31.2,0.7,-18.86,-21.41,-0.88,19.2,37.0,0.76,-2.08,-2.85,-0.73,-0.3557142857142857,False
15,BB3.0,none,1.5,0,15.7,41.0,1.05,0.89,-5.58,0.16,18.9,31.8,0.71,-19.09,-21.09,-0.91,19.2,39.1,0.82,-1.57,-2.69,-0.58,-0.24857142857142853,False
15,BB3.0,none,2.5,12,14.6,45.1,1.04,0.75,-4.27,0.18,17.8,39.4,0.71,-18.81,-25.78,-0.73,17.5,45.2,0.81,-1.61,-3.04,-0.53,-0.36,False
15,BB3.0,none,2.5,0,14.6,49.7,1.09,1.74,-3.83,0.45,17.7,42.8,0.78,-14.59,-22.3,-0.65,17.5,47.6,0.86,-1.13,-3.26,-0.35,-0.3142857142857142,False
15,BB3.0,htf_split,1.5,12,5.8,39.1,0.9,-0.57,-1.4,-0.41,7.1,29.7,0.94,-1.14,-9.47,-0.12,7.1,29.4,0.39,-2.44,-2.7,-0.91,-0.5725,False
15,BB3.0,htf_split,1.5,0,5.8,43.5,0.99,-0.05,-1.19,-0.04,7.1,29.7,0.88,-2.56,-10.54,-0.24,7.1,29.4,0.35,-2.6,-2.88,-0.9,-0.51125,False
15,BB3.0,htf_split,2.5,12,5.6,41.8,0.73,-1.95,-2.47,-0.79,6.6,37.3,0.92,-1.56,-12.78,-0.12,6.7,37.5,0.4,-2.67,-2.93,-0.91,-0.6712499999999999,False
15,BB3.0,htf_split,2.5,0,5.6,49.3,0.76,-1.85,-2.35,-0.79,6.4,36.2,0.78,-5.4,-15.72,-0.34,6.7,37.5,0.31,-3.14,-3.42,-0.92,-0.5775,False
15,BB3.0,adx1h<20,1.5,12,4.8,34.5,0.75,-1.39,-2.72,-0.51,5.2,21.3,0.34,-11.13,-11.13,-1.0,5.0,16.7,0.22,-2.3,-2.3,-1.0,-0.58,False
15,BB3.0,adx1h<20,1.5,0,4.8,39.7,0.91,-0.48,-2.33,-0.2,5.2,19.1,0.28,-13.56,-13.56,-1.0,5.0,16.7,0.21,-2.49,-2.49,-1.0,-0.47624999999999995,False
15,BB3.0,adx1h<20,2.5,12,4.3,36.5,0.6,-2.54,-3.79,-0.67,4.9,22.7,0.21,-17.1,-17.1,-1.0,4.2,20.0,0.22,-2.25,-2.25,-1.0,-0.7024999999999999,False
15,BB3.0,adx1h<20,2.5,0,4.3,42.3,0.69,-2.1,-3.49,-0.6,4.9,22.7,0.17,-19.29,-19.29,-1.0,4.2,30.0,0.26,-1.93,-1.93,-1.0,-0.615,False
15,BB3.0,adx1h<25,1.5,12,8.1,40.2,0.91,-0.68,-2.75,-0.25,8.1,21.9,0.36,-15.6,-15.71,-0.99,7.9,21.1,0.28,-3.15,-3.15,-1.0,-0.46428571428571436,False
15,BB3.0,adx1h<25,1.5,0,8.1,42.3,1.03,0.27,-2.53,0.11,8.1,23.3,0.35,-16.71,-17.32,-0.96,7.9,26.3,0.29,-3.21,-3.21,-1.0,-0.3742857142857144,False
15,BB3.0,adx1h<25,2.5,12,7.3,47.7,0.88,-0.99,-3.03,-0.33,7.7,27.5,0.28,-21.23,-21.23,-1.0,7.1,35.3,0.45,-1.96,-2.14,-0.92,-0.5257142857142857,False
15,BB3.0,adx1h<25,2.5,0,7.3,51.1,0.98,-0.15,-2.32,-0.06,7.7,29.0,0.28,-22.32,-22.32,-1.0,7.1,41.2,0.42,-2.07,-2.27,-0.91,-0.44142857142857145,False
15,VWAP1.5,none,1.5,12,96.8,39.7,0.71,-29.38,-32.58,-0.9,94.8,42.0,0.99,-1.96,-29.46,-0.07,102.9,39.3,0.76,-9.13,-10.67,-0.86,-0.78,False
15,VWAP1.5,none,1.5,0,87.1,39.7,0.74,-25.55,-28.96,-0.88,83.1,40.0,0.99,-1.43,-30.18,-0.05,88.3,38.7,0.79,-7.86,-9.49,-0.83,-0.7471428571428572,False
15,VWAP1.5,none,2.5,12,78.0,46.9,0.7,-28.97,-32.07,-0.9,78.3,48.9,0.93,-15.39,-36.64,-0.42,86.7,47.1,0.74,-9.35,-11.31,-0.83,-0.7614285714285715,False
15,VWAP1.5,none,2.5,0,65.5,50.0,0.73,-24.55,-27.92,-0.88,62.9,49.6,0.95,-9.97,-34.7,-0.29,67.9,50.3,0.75,-8.27,-10.2,-0.81,-0.702857142857143,False
15,VWAP1.5,htf_split,1.5,12,41.8,39.9,0.65,-13.31,-13.94,-0.95,37.7,41.6,1.03,2.15,-14.91,0.14,40.4,33.0,0.48,-8.79,-8.79,-1.0,-0.885,False
15,VWAP1.5,htf_split,1.5,0,37.2,40.0,0.69,-11.44,-12.26,-0.93,33.6,39.4,0.93,-6.28,-20.69,-0.3,35.8,33.7,0.55,-7.68,-7.7,-1.0,-0.83,False
15,VWAP1.5,htf_split,2.5,12,34.0,48.5,0.67,-11.7,-12.21,-0.96,31.0,49.1,0.97,-2.4,-16.53,-0.14,34.6,43.4,0.52,-8.59,-8.67,-0.99,-0.93875,False
15,VWAP1.5,htf_split,2.5,0,28.4,50.1,0.69,-10.12,-10.88,-0.93,25.3,49.1,0.89,-9.31,-23.73,-0.39,27.9,40.3,0.46,-9.35,-9.37,-1.0,-0.9275,False
15,VWAP1.5,adx1h<20,1.5,12,29.2,34.9,0.61,-10.39,-10.85,-0.96,19.4,35.4,0.64,-15.86,-16.71,-0.95,26.7,29.7,0.48,-6.39,-7.27,-0.88,-0.86625,False
15,VWAP1.5,adx1h<20,1.5,0,27.0,34.9,0.63,-9.99,-10.35,-0.96,19.0,32.2,0.63,-17.78,-20.24,-0.88,25.4,26.2,0.5,-6.39,-7.27,-0.88,-0.82125,False
15,VWAP1.5,adx1h<20,2.5,12,23.2,41.0,0.58,-10.63,-10.73,-0.99,16.2,43.8,0.56,-20.56,-21.13,-0.97,22.1,39.6,0.52,-5.53,-6.24,-0.89,-0.90125,False
15,VWAP1.5,adx1h<20,2.5,0,20.2,44.2,0.6,-9.86,-10.06,-0.98,14.6,44.3,0.56,-21.15,-23.72,-0.89,19.2,43.5,0.64,-3.77,-4.48,-0.84,-0.87625,False
15,VWAP1.5,adx1h<25,1.5,12,48.3,38.8,0.76,-10.36,-13.42,-0.77,36.4,39.3,0.77,-17.43,-19.1,-0.91,45.8,34.5,0.55,-8.52,-8.77,-0.97,-0.7214285714285714,False
15,VWAP1.5,adx1h<25,1.5,0,44.5,38.6,0.78,-9.56,-12.76,-0.75,34.3,37.2,0.79,-17.06,-22.14,-0.77,41.2,32.3,0.57,-8.25,-8.47,-0.97,-0.62,False
15,VWAP1.5,adx1h<25,2.5,12,39.0,46.4,0.75,-10.36,-13.39,-0.77,30.9,46.8,0.72,-21.58,-21.66,-1.0,38.8,46.2,0.63,-6.73,-7.39,-0.91,-0.7257142857142859,False
15,VWAP1.5,adx1h<25,2.5,0,33.6,50.1,0.81,-7.31,-10.47,-0.7,26.4,45.4,0.71,-23.86,-26.58,-0.9,30.4,45.2,0.58,-7.15,-7.75,-0.92,-0.6314285714285715,False
15,VWAP2,none,1.5,12,72.6,38.5,0.72,-22.73,-25.61,-0.89,70.4,40.4,1.0,0.24,-24.53,0.01,75.0,37.2,0.74,-7.43,-8.77,-0.85,-0.9271428571428572,False
15,VWAP2,none,1.5,0,66.4,37.8,0.75,-19.49,-22.45,-0.87,62.2,38.8,1.02,2.87,-25.15,0.11,64.6,38.1,0.81,-5.11,-6.63,-0.77,-0.9114285714285714,False
15,VWAP2,none,2.5,12,57.8,44.6,0.68,-24.56,-27.09,-0.91,58.3,46.9,0.96,-6.72,-30.55,-0.22,64.6,45.2,0.79,-5.69,-8.08,-0.7,-0.9328571428571427,False
15,VWAP2,none,2.5,0,49.8,47.2,0.72,-21.0,-23.84,-0.88,47.9,48.7,1.04,6.24,-21.24,0.29,51.7,49.2,0.8,-5.31,-7.61,-0.7,-0.9157142857142857,False
15,VWAP2,htf_split,1.5,12,30.1,37.7,0.62,-11.47,-11.88,-0.97,27.3,39.0,0.99,-0.76,-13.33,-0.06,30.4,31.5,0.5,-6.43,-6.58,-0.98,-0.9412499999999999,False
15,VWAP2,htf_split,1.5,0,27.9,38.2,0.67,-9.72,-10.2,-0.95,24.3,36.5,0.89,-7.32,-19.2,-0.38,26.7,32.8,0.58,-5.34,-5.55,-0.96,-0.9325,False
15,VWAP2,htf_split,2.5,12,24.0,43.4,0.62,-10.83,-10.9,-0.99,22.7,46.1,0.99,-0.43,-12.38,-0.03,25.8,41.9,0.58,-5.66,-6.8,-0.83,-0.96,False
15,VWAP2,htf_split,2.5,0,21.3,46.9,0.66,-9.3,-9.65,-0.96,19.0,45.0,0.91,-5.28,-17.9,-0.3,21.2,37.3,0.49,-6.67,-7.35,-0.91,-0.94625,False
15,VWAP2,adx1h<20,1.5,12,21.4,35.0,0.72,-5.32,-6.5,-0.82,14.8,33.1,0.67,-11.34,-15.2,-0.75,19.6,25.5,0.41,-5.43,-5.61,-0.97,-0.8525,False
15,VWAP2,adx1h<20,1.5,0,20.2,36.0,0.77,-4.54,-5.49,-0.83,14.3,29.5,0.65,-13.02,-17.66,-0.74,18.3,20.5,0.43,-5.52,-5.71,-0.97,-0.8262499999999999,False
15,VWAP2,adx1h<20,2.5,12,17.2,41.1,0.72,-4.98,-5.45,-0.91,12.3,39.6,0.58,-15.94,-19.72,-0.81,16.7,32.5,0.46,-5.02,-5.18,-0.97,-0.885,False
15,VWAP2,adx1h<20,2.5,0,15.3,44.6,0.75,-4.61,-5.11,-0.9,11.3,41.2,0.58,-16.1,-20.67,-0.78,14.2,35.3,0.55,-3.78,-3.94,-0.96,-0.80625,False
15,VWAP2,adx1h<25,1.5,12,35.7,39.5,0.85,-4.76,-7.61,-0.63,27.1,37.7,0.78,-12.9,-17.16,-0.75,33.3,30.0,0.47,-7.51,-7.51,-1.0,-0.7414285714285713,False
15,VWAP2,adx1h<25,1.5,0,33.6,39.5,0.91,-2.87,-6.18,-0.46,25.8,36.6,0.82,-11.03,-17.81,-0.62,30.0,30.6,0.56,-6.28,-6.31,-0.99,-0.6957142857142857,False
15,VWAP2,adx1h<25,2.5,12,29.0,46.6,0.85,-4.46,-7.09,-0.63,23.2,44.0,0.75,-14.65,-18.68,-0.78,28.8,42.0,0.66,-4.32,-4.44,-0.97,-0.7528571428571428,False
15,VWAP2,adx1h<25,2.5,0,25.7,50.6,0.93,-2.11,-4.9,-0.43,20.3,45.4,0.78,-13.77,-19.2,-0.72,22.1,41.5,0.61,-4.87,-5.4,-0.9,-0.66,False
15,VWAP3,none,1.5,12,35.2,38.3,0.61,-18.46,-18.77,-0.98,36.7,41.8,1.27,25.64,-14.85,1.73,38.8,38.7,0.83,-2.49,-3.05,-0.81,-0.9414285714285714,False
15,VWAP3,none,1.5,0,33.8,36.3,0.65,-16.86,-17.26,-0.98,34.0,38.2,1.24,24.57,-17.69,1.39,35.0,35.7,0.76,-3.67,-4.4,-0.84,-0.932857142857143,False
15,VWAP3,none,2.5,12,28.8,43.8,0.62,-16.43,-16.56,-0.99,30.4,46.7,1.21,19.03,-16.62,1.15,32.5,46.2,0.84,-2.17,-3.22,-0.67,-0.9471428571428573,False
15,VWAP3,none,2.5,0,26.2,43.9,0.66,-15.24,-15.42,-0.99,26.9,47.5,1.23,22.56,-16.81,1.34,27.5,48.5,0.82,-2.46,-3.54,-0.7,-0.9357142857142858,False
15,VWAP3,htf_split,1.5,12,14.8,40.7,0.62,-6.76,-7.05,-0.96,14.0,42.9,1.33,10.3,-4.91,2.1,16.7,30.0,0.41,-4.53,-4.53,-1.0,-0.94625,False
15,VWAP3,htf_split,1.5,0,14.2,38.2,0.65,-6.42,-6.71,-0.96,13.2,39.5,1.08,2.91,-10.5,0.28,15.8,26.3,0.36,-5.53,-5.55,-1.0,-0.93875,False
15,VWAP3,htf_split,2.5,12,11.9,43.4,0.55,-7.72,-7.84,-0.98,11.6,48.1,0.97,-1.18,-9.7,-0.12,13.8,36.4,0.31,-5.62,-5.74,-0.98,-0.97,False
15,VWAP3,htf_split,2.5,0,11.0,43.2,0.6,-6.95,-7.07,-0.98,10.6,47.4,0.98,-0.74,-9.79,-0.08,12.5,36.7,0.38,-5.43,-5.73,-0.95,-0.90875,False
15,VWAP3,adx1h<20,1.5,12,9.3,36.6,0.79,-1.86,-2.56,-0.73,7.8,31.4,0.56,-8.23,-9.15,-0.9,11.2,29.6,0.4,-3.19,-3.7,-0.86,-0.86,False
15,VWAP3,adx1h<20,1.5,0,9.2,35.5,0.86,-1.34,-1.82,-0.73,7.7,26.1,0.49,-10.28,-11.2,-0.92,10.8,23.1,0.36,-3.78,-4.29,-0.88,-0.80875,False
15,VWAP3,adx1h<20,2.5,12,7.5,43.3,0.75,-2.04,-2.32,-0.88,6.8,36.1,0.47,-12.33,-13.04,-0.95,9.2,31.8,0.47,-2.55,-3.3,-0.77,-0.865,False
15,VWAP3,adx1h<20,2.5,0,7.2,44.8,0.91,-0.82,-1.69,-0.49,6.6,33.9,0.44,-14.08,-14.78,-0.95,8.3,35.0,0.56,-2.18,-2.69,-0.81,-0.815,False
15,VWAP3,adx1h<25,1.5,12,16.3,37.8,0.7,-4.94,-5.23,-0.94,13.7,34.1,0.73,-8.44,-10.3,-0.82,18.3,31.8,0.39,-4.68,-4.85,-0.97,-0.8614285714285713,False
15,VWAP3,adx1h<25,1.5,0,15.8,36.8,0.81,-3.2,-3.49,-0.92,13.3,30.0,0.67,-11.08,-12.62,-0.88,17.1,26.8,0.32,-5.9,-6.09,-0.97,-0.7828571428571429,False
15,VWAP3,adx1h<25,2.5,12,13.6,44.2,0.64,-5.77,-5.9,-0.98,11.6,41.3,0.65,-11.93,-12.12,-0.98,15.0,47.2,0.57,-2.69,-3.71,-0.73,-0.8471428571428572,False
15,VWAP3,adx1h<25,2.5,0,12.6,46.4,0.82,-2.8,-3.95,-0.71,10.9,35.7,0.61,-15.07,-15.19,-0.99,12.5,36.7,0.47,-3.8,-4.56,-0.83,-0.7442857142857141,False
15,RSI5,none,1.5,12,103.8,49.9,0.75,-18.37,-22.8,-0.81,100.1,54.5,0.82,-34.09,-34.98,-0.97,99.2,55.9,0.81,-4.41,-5.14,-0.86,-0.9000000000000001,False
15,RSI5,none,1.5,0,103.8,49.9,0.75,-18.37,-22.8,-0.81,100.1,54.5,0.82,-34.23,-35.12,-0.97,99.2,55.9,0.81,-4.41,-5.14,-0.86,-0.9000000000000001,False
15,RSI5,none,2.5,12,89.9,52.8,0.76,-15.95,-19.62,-0.81,86.0,58.1,0.79,-37.62,-42.08,-0.89,85.4,58.5,0.77,-4.93,-5.73,-0.86,-0.9100000000000001,False
15,RSI5,none,2.5,0,89.9,52.8,0.76,-16.02,-19.69,-0.81,86.0,58.1,0.79,-37.78,-42.25,-0.89,85.4,58.5,0.77,-4.93,-5.73,-0.86,-0.9100000000000001,False
15,RSI5,htf_split,1.5,12,44.9,48.6,0.61,-10.97,-11.04,-0.99,38.6,53.9,0.94,-3.96,-12.03,-0.33,35.4,49.4,0.61,-3.84,-4.27,-0.9,-0.94375,False
15,RSI5,htf_split,1.5,0,44.9,48.6,0.61,-10.97,-11.04,-0.99,38.6,53.9,0.94,-3.95,-12.03,-0.33,35.4,49.4,0.61,-3.84,-4.27,-0.9,-0.94375,False
15,RSI5,htf_split,2.5,12,39.3,51.3,0.59,-10.45,-10.52,-0.99,33.0,57.6,0.93,-4.29,-13.13,-0.33,31.7,53.9,0.53,-5.12,-5.72,-0.9,-0.96125,False
15,RSI5,htf_split,2.5,0,39.3,51.3,0.59,-10.51,-10.59,-0.99,33.0,57.6,0.93,-4.27,-13.12,-0.33,31.7,53.9,0.53,-5.12,-5.72,-0.9,-0.96125,False
15,RSI5,adx1h<20,1.5,12,27.7,49.7,0.73,-4.53,-5.45,-0.83,21.1,50.0,0.59,-14.7,-15.56,-0.94,20.0,52.1,0.58,-2.25,-2.35,-0.95,-0.895,False
15,RSI5,adx1h<20,1.5,0,27.7,49.7,0.73,-4.53,-5.45,-0.83,21.1,50.0,0.59,-14.7,-15.56,-0.94,20.0,52.1,0.58,-2.25,-2.35,-0.95,-0.895,False
15,RSI5,adx1h<20,2.5,12,24.5,51.0,0.65,-5.43,-5.73,-0.95,18.8,53.3,0.47,-22.19,-22.99,-0.97,17.5,57.1,0.55,-2.22,-2.41,-0.92,-0.9299999999999999,False
15,RSI5,adx1h<20,2.5,0,24.5,51.0,0.65,-5.5,-5.79,-0.95,18.8,53.3,0.47,-21.94,-22.73,-0.97,17.5,57.1,0.55,-2.22,-2.41,-0.92,-0.8825,False
15,RSI5,adx1h<25,1.5,12,47.5,49.3,0.72,-8.53,-9.97,-0.86,38.0,51.8,0.62,-22.24,-23.04,-0.97,41.7,58.0,0.74,-2.33,-2.51,-0.93,-0.8971428571428571,False
15,RSI5,adx1h<25,1.5,0,47.5,49.3,0.72,-8.53,-9.97,-0.86,38.0,51.8,0.62,-22.24,-23.04,-0.97,41.7,58.0,0.74,-2.33,-2.51,-0.93,-0.8957142857142858,False
15,RSI5,adx1h<25,2.5,12,41.8,52.2,0.7,-8.44,-9.77,-0.86,33.4,53.8,0.52,-30.12,-31.0,-0.97,37.1,61.8,0.73,-2.41,-2.68,-0.9,-0.9214285714285715,False
15,RSI5,adx1h<25,2.5,0,41.8,52.2,0.7,-8.51,-9.84,-0.87,33.4,53.8,0.52,-29.87,-30.74,-0.97,37.1,61.8,0.73,-2.41,-2.68,-0.9,-0.8828571428571429,False
15,RSI10,none,1.5,12,168.5,48.5,0.67,-39.51,-43.21,-0.91,158.7,53.6,0.78,-64.15,-64.79,-0.99,166.2,56.9,0.9,-3.47,-5.17,-0.67,-0.9316666666666666,False
15,RSI10,none,1.5,0,168.5,48.5,0.67,-39.51,-43.21,-0.91,158.6,53.6,0.78,-64.21,-64.85,-0.99,166.2,56.9,0.9,-3.47,-5.17,-0.67,-0.9316666666666666,False
15,RSI10,none,2.5,12,142.4,50.9,0.66,-36.21,-37.44,-0.97,136.7,56.4,0.71,-78.3,-78.88,-0.99,147.9,59.4,0.81,-6.61,-7.44,-0.89,-0.9416666666666668,False
15,RSI10,none,2.5,0,142.4,50.9,0.66,-36.31,-37.53,-0.97,136.6,56.4,0.71,-78.43,-79.01,-0.99,147.9,59.4,0.81,-6.78,-7.6,-0.89,-0.9416666666666668,False
15,RSI10,htf_split,1.5,12,72.7,46.4,0.55,-20.62,-20.79,-0.99,61.3,54.2,0.88,-11.57,-18.47,-0.63,60.4,54.5,0.79,-3.28,-4.13,-0.8,-0.9771428571428572,False
15,RSI10,htf_split,1.5,0,72.7,46.4,0.55,-20.62,-20.79,-0.99,61.2,54.1,0.88,-11.63,-18.53,-0.63,60.4,54.5,0.79,-3.28,-4.13,-0.8,-0.9771428571428572,False
15,RSI10,htf_split,2.5,12,61.9,48.7,0.55,-17.21,-17.41,-0.99,52.7,56.8,0.8,-18.6,-24.25,-0.77,53.8,59.7,0.66,-5.59,-6.63,-0.84,-0.9871428571428572,False
15,RSI10,htf_split,2.5,0,61.9,48.7,0.55,-17.31,-17.51,-0.99,52.6,56.7,0.8,-18.54,-24.19,-0.77,53.8,59.7,0.66,-5.59,-6.63,-0.84,-0.9871428571428572,False
15,RSI10,adx1h<20,1.5,12,47.4,49.0,0.68,-9.15,-9.46,-0.97,34.1,52.1,0.62,-20.41,-20.97,-0.97,36.2,57.5,0.83,-1.51,-2.59,-0.58,-0.9557142857142857,False
15,RSI10,adx1h<20,1.5,0,47.4,49.0,0.68,-9.15,-9.46,-0.97,34.1,52.1,0.62,-20.41,-20.97,-0.97,36.2,57.5,0.83,-1.51,-2.59,-0.58,-0.9557142857142857,False
15,RSI10,adx1h<20,2.5,12,40.3,50.8,0.66,-8.35,-8.5,-0.98,29.8,54.9,0.51,-28.36,-28.87,-0.98,31.2,62.7,0.9,-0.71,-2.35,-0.3,-0.9742857142857143,False
15,RSI10,adx1h<20,2.5,0,40.3,50.8,0.66,-8.45,-8.6,-0.98,29.8,54.9,0.51,-28.11,-28.61,-0.98,31.2,62.7,0.9,-0.71,-2.35,-0.3,-0.9742857142857143,False
15,RSI10,adx1h<25,1.5,12,80.7,49.0,0.69,-15.72,-16.57,-0.95,62.3,54.7,0.76,-21.1,-21.97,-0.96,75.0,58.9,0.95,-0.73,-2.34,-0.31,-0.945,False
15,RSI10,adx1h<25,1.5,0,80.7,49.0,0.69,-15.72,-16.57,-0.95,62.3,54.7,0.76,-21.1,-21.97,-0.96,75.0,58.9,0.95,-0.73,-2.34,-0.31,-0.945,False
15,RSI10,adx1h<25,2.5,12,69.0,51.3,0.67,-14.73,-15.54,-0.95,54.4,56.1,0.63,-33.57,-34.86,-0.96,66.7,62.5,0.95,-0.75,-3.45,-0.22,-0.9466666666666667,False
15,RSI10,adx1h<25,2.5,0,69.0,51.3,0.67,-14.82,-15.63,-0.95,54.4,56.1,0.63,-33.19,-34.49,-0.96,66.7,62.5,0.95,-0.75,-3.45,-0.22,-0.9483333333333334,False
