symbol,variant,period,trades,win_%,net_inr,pf,max_dd_inr,net_R,avg_R,max_dd_R,worst_streak,per_month,reentries,reentry_win_%
SILVER,W8 1h (current),ALL,32,78.1,5072716,4.77,-803221,21.7,0.68,-2.0,2,1.5,0,
SILVER,W8 1h (current),2025,17,82.4,2657337,11.19,-168503,17.3,1.02,-2.0,2,1.4,0,
SILVER,W8 1h (current),2026,15,73.3,2415379,3.22,-803221,4.4,0.3,-1.8,1,1.7,0,
SILVER,T1 W8 on 15m,ALL,129,62.8,4918910,1.91,-836158,31.2,0.24,-6.2,3,6.1,0,
SILVER,T1 W8 on 15m,2025,68,60.3,1787141,2.7,-226286,22.3,0.33,-6.2,3,5.7,0,
SILVER,T1 W8 on 15m,2026,61,65.6,3131769,1.72,-836158,8.9,0.15,-4.1,2,6.8,0,
SILVER,T2 W8 on 30m,ALL,61,65.6,6319098,2.85,-1290989,35.8,0.59,-3.5,3,2.9,0,
SILVER,T2 W8 on 30m,2025,31,71.0,2905738,4.57,-358222,25.0,0.81,-2.9,2,2.6,0,
SILVER,T2 W8 on 30m,2026,30,60.0,3413360,2.31,-1290989,10.8,0.36,-3.5,3,3.3,0,
SILVER,T3 W8 on 2h,ALL,18,77.8,6923465,13.51,-277510,17.5,0.97,-1.7,2,0.9,0,
SILVER,T3 W8 on 2h,2025,10,70.0,2690942,10.76,-187740,12.5,1.25,-1.7,2,0.8,0,
SILVER,T3 W8 on 2h,2026,8,87.5,4232523,16.25,-277510,5.0,0.63,-0.8,1,0.9,0,
SILVER,T4 1h + re-entry 10-bar breakout,ALL,43,76.7,5653578,4.87,-795704,22.6,0.53,-2.8,3,2.0,11,72.7
SILVER,T4 1h + re-entry 10-bar breakout,2025,20,80.0,2621807,8.84,-242170,16.7,0.83,-2.8,3,1.7,3,66.7
SILVER,T4 1h + re-entry 10-bar breakout,2026,23,73.9,3031771,3.69,-795704,5.9,0.26,-1.8,2,2.6,8,75.0
SILVER,T5 1h + re-entry 20-bar breakout,ALL,43,76.7,4844677,3.42,-786722,21.0,0.49,-2.1,2,2.0,11,72.7
SILVER,T5 1h + re-entry 20-bar breakout,2025,21,85.7,2705461,11.38,-168503,17.6,0.84,-2.0,2,1.8,4,100.0
SILVER,T5 1h + re-entry 20-bar breakout,2026,22,68.2,2139216,2.23,-786722,3.3,0.15,-2.1,2,2.4,7,57.1
SILVER,T6 1h faster band x3/x4,ALL,55,65.5,5244862,2.95,-1133731,27.5,0.5,-3.2,3,2.6,0,
SILVER,T6 1h faster band x3/x4,2025,28,67.9,2729004,5.16,-231588,21.4,0.77,-2.7,2,2.3,0,
SILVER,T6 1h faster band x3/x4,2026,27,63.0,2515858,2.23,-1133731,6.1,0.22,-3.2,3,3.0,0,
SILVER,T7 30m + re-entry 20-bar breakout,ALL,73,71.2,6679869,2.96,-1200001,37.3,0.51,-3.3,3,3.5,12,100.0
SILVER,T7 30m + re-entry 20-bar breakout,2025,38,76.3,3000382,4.69,-358222,26.1,0.69,-2.9,2,3.2,7,100.0
SILVER,T7 30m + re-entry 20-bar breakout,2026,35,65.7,3679487,2.41,-1200001,11.2,0.32,-3.3,3,3.9,5,100.0
GOLD,W8 1h (current),ALL,28,82.1,5560961,4.66,-762014,25.3,0.9,-1.7,2,1.3,0,
GOLD,W8 1h (current),2025,17,88.2,4313633,24.81,-104517,20.2,1.19,-0.9,1,1.4,0,
GOLD,W8 1h (current),2026,11,72.7,1247328,1.93,-762014,5.0,0.46,-1.7,2,1.2,0,
GOLD,T1 W8 on 15m,ALL,123,61.8,4161441,1.65,-1784260,30.4,0.25,-7.7,3,5.9,0,
GOLD,T1 W8 on 15m,2025,69,62.3,1946776,1.71,-486724,22.1,0.32,-2.8,3,5.8,0,
GOLD,T1 W8 on 15m,2026,54,61.1,2214665,1.61,-1784260,8.3,0.15,-7.7,3,6.0,0,
GOLD,T2 W8 on 30m,ALL,63,66.7,3642176,1.84,-1558548,66.8,1.06,-4.8,3,3.0,0,
GOLD,T2 W8 on 30m,2025,37,73.0,3266423,3.5,-238946,23.3,0.63,-2.6,2,3.1,0,
GOLD,T2 W8 on 30m,2026,26,57.7,375753,1.12,-1558548,43.6,1.68,-4.8,3,2.9,0,
GOLD,T3 W8 on 2h,ALL,19,68.4,3935568,4.37,-515277,12.4,0.65,-1.3,1,0.9,0,
GOLD,T3 W8 on 2h,2025,11,63.6,3126491,6.91,-401941,12.5,1.14,-1.2,1,0.9,0,
GOLD,T3 W8 on 2h,2026,8,75.0,809077,2.26,-515277,-0.1,-0.02,-1.3,1,0.9,0,
GOLD,T4 1h + re-entry 10-bar breakout,ALL,39,71.8,5150587,2.3,-1391547,21.7,0.56,-4.3,2,1.9,11,45.5
GOLD,T4 1h + re-entry 10-bar breakout,2025,22,77.3,3876822,6.53,-446665,16.1,0.73,-4.3,2,1.8,5,40.0
GOLD,T4 1h + re-entry 10-bar breakout,2026,17,64.7,1273765,1.39,-1391547,5.6,0.33,-1.9,2,1.9,6,50.0
GOLD,T5 1h + re-entry 20-bar breakout,ALL,38,73.7,5016695,2.33,-1391547,25.7,0.68,-2.5,2,1.8,10,50.0
GOLD,T5 1h + re-entry 20-bar breakout,2025,20,85.0,4233546,13.23,-241716,19.5,0.97,-1.7,2,1.7,3,66.7
GOLD,T5 1h + re-entry 20-bar breakout,2026,18,61.1,783150,1.23,-1391547,6.3,0.35,-2.5,2,2.0,7,42.9
GOLD,T6 1h faster band x3/x4,ALL,57,70.2,3186180,1.84,-1267241,15.7,0.28,-15.0,5,2.7,0,
GOLD,T6 1h faster band x3/x4,2025,32,71.9,2086067,2.04,-1267241,9.6,0.3,-15.0,2,2.7,0,
GOLD,T6 1h faster band x3/x4,2026,25,68.0,1100113,1.61,-1200066,6.1,0.24,-4.2,5,2.8,0,
GOLD,T7 30m + re-entry 20-bar breakout,ALL,75,66.7,4137635,1.64,-2147882,74.0,0.99,-4.6,4,3.6,12,66.7
GOLD,T7 30m + re-entry 20-bar breakout,2025,40,72.5,3290311,3.39,-238946,23.1,0.58,-2.6,2,3.3,3,66.7
GOLD,T7 30m + re-entry 20-bar breakout,2026,35,60.0,847324,1.17,-2147882,50.9,1.46,-4.6,4,3.9,9,66.7
