preset,gate,tpm_25,win_25,pf_25,net_L_25,dd_L_25,rf_25,tpm_26,win_26,pf_26,net_L_26,dd_L_26,rf_26,tpm_JulSep26,win_JulSep26,pf_JulSep26,net_L_JulSep26,dd_L_JulSep26,rf_JulSep26,pass_2025
Q1,none,16.2,71.3,2.1,15.6,-2.4,6.5,16.1,81.4,2.76,55.6,-7.0,8.0,14.6,80.0,0.89,-0.5,-2.2,-0.2,False
Q1,adxD>=15,15.2,71.6,2.13,15.3,-2.4,6.4,12.4,80.4,2.64,43.0,-5.1,8.4,11.2,77.8,0.91,-0.3,-2.2,-0.1,False
Q1,adx4h>=15,13.9,73.1,2.35,16.7,-1.9,8.7,14.4,81.5,2.88,54.2,-6.3,8.6,11.7,78.6,0.9,-0.3,-2.0,-0.2,True
Q1,adxD>=20,10.8,72.3,2.11,12.0,-2.6,4.7,8.9,78.8,2.79,38.5,-4.8,8.1,10.0,75.0,0.51,-1.7,-2.2,-0.8,False
Q1,adx4h>=20,11.2,74.8,2.32,13.4,-1.9,7.0,11.4,79.6,2.82,49.6,-6.0,8.2,6.7,68.8,0.51,-1.3,-2.4,-0.6,True
Q1,adxD>=25,5.7,76.5,2.55,9.0,-1.9,4.7,7.8,81.4,2.98,35.5,-4.8,7.4,9.6,78.3,0.6,-1.2,-2.0,-0.6,False
Q1,adx4h>=25,8.2,76.5,2.41,10.3,-1.9,5.4,8.2,77.0,3.22,48.3,-5.9,8.2,3.3,37.5,0.08,-2.5,-2.5,-1.0,False
BS,none,11.7,76.4,3.15,21.6,-1.9,11.3,15.6,72.9,2.32,60.2,-9.6,6.3,16.2,71.8,0.87,-0.9,-2.9,-0.3,False
BS,adxD>=15,11.4,76.6,3.05,20.6,-1.9,10.8,12.3,71.2,2.1,44.7,-17.3,2.6,10.0,66.7,0.6,-2.2,-2.9,-0.8,False
BS,adx4h>=15,11.4,76.6,3.11,20.9,-1.9,11.0,14.2,71.1,2.28,58.1,-9.6,6.1,12.5,66.7,0.6,-2.7,-3.1,-0.9,False
BS,adxD>=20,8.8,75.2,2.92,17.4,-1.9,9.1,11.9,72.0,2.19,44.5,-14.2,3.1,10.0,66.7,0.6,-2.2,-2.9,-0.8,False
BS,adx4h>=20,9.4,76.1,3.11,18.7,-1.9,9.8,11.7,68.6,2.31,55.9,-9.8,5.7,5.8,57.1,0.6,-1.7,-2.9,-0.6,False
BS,adxD>=25,6.2,76.0,3.12,14.9,-1.9,7.8,8.9,75.0,2.79,46.4,-9.0,5.2,10.0,66.7,0.6,-2.2,-2.9,-0.8,False
BS,adx4h>=25,7.3,71.6,2.49,12.9,-2.1,6.2,8.4,71.1,3.15,60.3,-9.1,6.6,2.9,57.1,1.03,0.1,-1.8,0.0,False
