,Silver BS,Gold BG,Both
2025-02,-0.02,-2.33,-2.35
2025-03,0.0,0.92,0.92
2025-04,0.67,4.37,5.05
2025-05,0.0,-2.02,-2.02
2025-06,-0.06,0.08,0.02
2025-07,1.46,1.04,2.49
2025-08,0.43,0.46,0.89
2025-09,4.09,10.58,14.66
2025-10,3.61,4.95,8.56
2025-11,0.57,2.1,2.67
2025-12,10.8,3.08,13.89
2026-01,37.7,18.15,55.85
2026-02,8.0,3.2,11.19
2026-03,1.88,16.34,18.23
2026-04,2.39,-5.54,-3.15
2026-05,-1.71,-1.65,-3.36
2026-06,11.35,11.66,23.01
2026-07,0.01,-0.81,-0.8
2026-08,-0.64,3.32,2.68
2026-09,1.27,-3.57,-2.3
