symbol,variant,slip_ticks,period,trades,win_%,pf,net_inr,max_dd_inr
SILVER,U9 5m,5,ALL,340,64.1,2.34,9616891,-918885
SILVER,U9 5m,5,2025,199,62.8,2.15,2313439,-240361
SILVER,U9 5m,5,2026,141,66.0,2.41,7303452,-918885
SILVER,U9 5m,10,ALL,340,63.5,2.32,9513691,-921285
SILVER,U9 5m,10,2025,199,61.8,2.11,2252839,-253561
SILVER,U9 5m,10,2026,141,66.0,2.4,7260852,-921285
SILVER,U9 5m,20,ALL,340,57.1,2.27,9307291,-926085
SILVER,U9 5m,20,2025,199,50.8,2.02,2131639,-279961
SILVER,U9 5m,20,2026,141,66.0,2.37,7175652,-926085
SILVER,U9 5m,40,ALL,340,49.7,2.19,8894491,-935685
SILVER,U9 5m,40,2025,199,38.7,1.85,1889239,-334136
SILVER,U9 5m,40,2026,141,65.2,2.33,7005252,-935685
SILVER,U10 5m + re-entry 60,5,ALL,409,62.3,2.09,9636948,-1129748
SILVER,U10 5m + re-entry 60,5,2025,236,61.4,1.95,2321844,-350464
SILVER,U10 5m + re-entry 60,5,2026,173,63.6,2.14,7315105,-1129748
SILVER,U10 5m + re-entry 60,10,ALL,409,61.9,2.07,9512448,-1141148
SILVER,U10 5m + re-entry 60,10,2025,236,60.6,1.91,2250144,-366064
SILVER,U10 5m + re-entry 60,10,2026,173,63.6,2.13,7262305,-1141148
SILVER,U10 5m + re-entry 60,20,ALL,409,55.7,2.03,9263448,-1163948
SILVER,U10 5m + re-entry 60,20,2025,236,50.0,1.83,2106744,-413403
SILVER,U10 5m + re-entry 60,20,2026,173,63.6,2.11,7156705,-1163948
SILVER,U10 5m + re-entry 60,40,ALL,409,48.2,1.95,8765448,-1209548
SILVER,U10 5m + re-entry 60,40,2025,236,37.3,1.68,1819944,-540918
SILVER,U10 5m + re-entry 60,40,2026,173,63.0,2.06,6945505,-1209548
SILVER,U1 15m,5,ALL,129,62.8,1.91,4918910,-836158
SILVER,U1 15m,5,2025,68,60.3,2.7,1787141,-226286
SILVER,U1 15m,5,2026,61,65.6,1.72,3131769,-836158
SILVER,U1 15m,10,ALL,129,62.8,1.9,4879010,-837058
SILVER,U1 15m,10,2025,68,60.3,2.67,1766141,-231986
SILVER,U1 15m,10,2026,61,65.6,1.71,3112869,-837058
SILVER,U1 15m,20,ALL,129,62.0,1.88,4799210,-838858
SILVER,U1 15m,20,2025,68,58.8,2.6,1724141,-243386
SILVER,U1 15m,20,2026,61,65.6,1.7,3075069,-838858
SILVER,U1 15m,40,ALL,129,59.7,1.84,4639610,-842458
SILVER,U1 15m,40,2025,68,54.4,2.47,1640141,-266186
SILVER,U1 15m,40,2026,61,65.6,1.68,2999469,-842458
GOLD,U9 5m,5,ALL,342,57.9,1.38,4262196,-2510914
GOLD,U9 5m,5,2025,194,57.7,1.93,3134392,-348361
GOLD,U9 5m,5,2026,148,58.1,1.14,1127804,-2510914
GOLD,U9 5m,10,ALL,342,54.4,1.35,3916196,-2530914
GOLD,U9 5m,10,2025,194,52.6,1.85,2938392,-365361
GOLD,U9 5m,10,2026,148,56.8,1.12,977804,-2530914
GOLD,U9 5m,20,ALL,342,43.9,1.28,3224196,-2570914
GOLD,U9 5m,20,2025,194,39.7,1.7,2546392,-399361
GOLD,U9 5m,20,2026,148,49.3,1.08,677804,-2570914
GOLD,U9 5m,40,ALL,342,33.0,1.15,1840196,-2650914
GOLD,U9 5m,40,2025,194,33.0,1.42,1762392,-577807
GOLD,U9 5m,40,2026,148,33.1,1.01,77804,-2650914
GOLD,U10 5m + re-entry 60,5,ALL,399,57.6,1.48,6047078,-1826962
GOLD,U10 5m + re-entry 60,5,2025,213,57.3,2.05,3857794,-303687
GOLD,U10 5m + re-entry 60,5,2026,186,58.1,1.24,2189284,-1826962
GOLD,U10 5m + re-entry 60,10,ALL,399,54.4,1.44,5643078,-1845962
GOLD,U10 5m + re-entry 60,10,2025,213,52.1,1.96,3641794,-307687
GOLD,U10 5m + re-entry 60,10,2026,186,57.0,1.22,2001284,-1845962
GOLD,U10 5m + re-entry 60,20,ALL,399,44.4,1.36,4835078,-1883962
GOLD,U10 5m + re-entry 60,20,2025,213,40.4,1.8,3209794,-339747
GOLD,U10 5m + re-entry 60,20,2026,186,48.9,1.18,1625284,-1883962
GOLD,U10 5m + re-entry 60,40,ALL,399,33.1,1.23,3219078,-1959962
GOLD,U10 5m + re-entry 60,40,2025,213,34.3,1.52,2345794,-522637
GOLD,U10 5m + re-entry 60,40,2026,186,31.7,1.09,873284,-1959962
GOLD,U1 15m,5,ALL,123,61.8,1.65,4161441,-1784260
GOLD,U1 15m,5,2025,69,62.3,1.71,1946776,-486724
GOLD,U1 15m,5,2026,54,61.1,1.61,2214665,-1784260
GOLD,U1 15m,10,ALL,123,61.8,1.63,4034441,-1821260
GOLD,U1 15m,10,2025,69,62.3,1.68,1875776,-491724
GOLD,U1 15m,10,2026,54,61.1,1.59,2158665,-1821260
GOLD,U1 15m,20,ALL,123,57.7,1.58,3780441,-1895260
GOLD,U1 15m,20,2025,69,55.1,1.62,1733776,-501724
GOLD,U1 15m,20,2026,54,61.1,1.55,2046665,-1895260
GOLD,U1 15m,40,ALL,123,48.8,1.48,3272441,-2043260
GOLD,U1 15m,40,2025,69,43.5,1.49,1449776,-521724
GOLD,U1 15m,40,2026,54,55.6,1.48,1822665,-2043260
