symbol,variant,period,trades,win_%,net_inr,pf,max_dd_inr,net_R,avg_R,max_dd_R,worst_streak
SILVER,W0 V1 (Day filter),ALL,32,59.4,5793476,4.24,-905014,22.4,0.7,-2.4,3
SILVER,W0 V1 (Day filter),2025,17,58.8,2697719,8.1,-207464,16.4,0.97,-2.4,3
SILVER,W0 V1 (Day filter),2026,15,60.0,3095757,3.2,-905014,5.9,0.4,-2.1,3
SILVER,W1 confirm: 1 bar follow-through,ALL,16,68.8,4672717,13.42,-178034,14.3,0.9,-0.8,2
SILVER,W1 confirm: 1 bar follow-through,2025,8,62.5,1151984,13.07,-62776,7.0,0.87,-0.8,2
SILVER,W1 confirm: 1 bar follow-through,2026,8,75.0,3520733,13.53,-178034,7.4,0.92,-0.6,1
SILVER,W2 confirm: 2 bars follow-through,ALL,14,64.3,3249217,5.43,-324924,13.3,0.95,-1.2,2
SILVER,W2 confirm: 2 bars follow-through,2025,7,85.7,2037790,46.23,-45049,10.8,1.55,-0.5,1
SILVER,W2 confirm: 2 bars follow-through,2026,7,42.9,1211427,2.76,-324924,2.5,0.35,-1.2,2
SILVER,W3 pullback 1 ATR (10 bars),ALL,22,54.5,2792255,3.21,-721754,20.8,0.94,-2.4,3
SILVER,W3 pullback 1 ATR (10 bars),2025,12,50.0,1985336,8.82,-154196,18.5,1.54,-2.4,3
SILVER,W3 pullback 1 ATR (10 bars),2026,10,60.0,806918,1.8,-721754,2.3,0.23,-2.2,2
SILVER,W4 pullback 2 ATR (15 bars),ALL,14,50.0,619768,1.63,-767482,8.7,0.62,-3.5,3
SILVER,W4 pullback 2 ATR (15 bars),2025,6,50.0,188612,2.09,-107507,7.0,1.17,-2.1,2
SILVER,W4 pullback 2 ATR (15 bars),2026,8,50.0,431157,1.53,-767482,1.7,0.21,-3.5,3
SILVER,W5 + 75m row agrees,ALL,6,33.3,655804,2.75,-219353,-0.4,-0.07,-2.5,3
SILVER,W5 + 75m row agrees,2025,4,25.0,-3940,0.98,-219353,-1.6,-0.4,-2.5,3
SILVER,W5 + 75m row agrees,2026,2,50.0,659745,5.25,-155176,1.2,0.6,-0.5,1
SILVER,W6 + 200 EMA agrees,ALL,24,50.0,4143515,3.43,-905014,15.3,0.64,-2.1,3
SILVER,W6 + 200 EMA agrees,2025,12,50.0,2229065,8.44,-127134,12.4,1.04,-1.4,2
SILVER,W6 + 200 EMA agrees,2026,12,50.0,1914450,2.36,-905014,2.8,0.24,-2.1,3
SILVER,W7 breakeven+ at 1R,ALL,32,65.6,4840232,3.86,-815208,20.2,0.63,-2.4,3
SILVER,W7 breakeven+ at 1R,2025,17,64.7,2730457,8.73,-207464,16.9,0.99,-2.4,3
SILVER,W7 breakeven+ at 1R,2026,15,66.7,2109775,2.57,-815208,3.3,0.22,-1.9,2
SILVER,W8 breakeven+ at 0.5R,ALL,32,78.1,5072716,4.77,-803221,21.7,0.68,-2.0,2
SILVER,W8 breakeven+ at 0.5R,2025,17,82.4,2657337,11.19,-168503,17.3,1.02,-2.0,2
SILVER,W8 breakeven+ at 0.5R,2026,15,73.3,2415379,3.22,-803221,4.4,0.3,-1.8,1
SILVER,"W9 50% off at 0.5R, then breakeven",ALL,32,81.2,3920597,3.96,-747381,14.5,0.45,-2.0,2
SILVER,"W9 50% off at 0.5R, then breakeven",2025,17,82.4,1641956,7.3,-168503,10.2,0.6,-2.0,2
SILVER,"W9 50% off at 0.5R, then breakeven",2026,15,80.0,2278641,3.14,-747381,4.3,0.29,-1.7,1
SILVER,"W10 50% off at 1R, then breakeven",ALL,32,65.6,4815531,3.84,-691106,16.5,0.52,-2.4,3
SILVER,"W10 50% off at 1R, then breakeven",2025,17,64.7,1997125,6.65,-207464,11.8,0.69,-2.4,3
SILVER,"W10 50% off at 1R, then breakeven",2026,15,66.7,2818406,3.1,-691106,4.7,0.32,-1.5,2
SILVER,W11 full exit at 1R,ALL,32,65.6,4309454,3.55,-528601,12.0,0.37,-2.4,3
SILVER,W11 full exit at 1R,2025,17,64.7,1273378,4.6,-207464,6.8,0.4,-2.4,3
SILVER,W11 full exit at 1R,2026,15,66.7,3036077,3.27,-528601,5.1,0.34,-1.4,2
SILVER,W12 exit on inner line,ALL,32,56.2,6339869,4.72,-767793,24.0,0.75,-2.2,3
SILVER,W12 exit on inner line,2025,17,47.1,2669005,6.35,-192341,16.6,0.98,-2.2,3
SILVER,W12 exit on inner line,2026,15,66.7,3670864,4.05,-767793,7.4,0.49,-1.7,2
GOLD,W0 V1 (Day filter),ALL,28,64.3,7134101,4.99,-770979,27.1,0.97,-1.8,3
GOLD,W0 V1 (Day filter),2025,17,70.6,4042473,10.85,-192499,19.0,1.12,-0.9,3
GOLD,W0 V1 (Day filter),2026,11,54.5,3091628,3.25,-770979,8.1,0.73,-1.8,3
GOLD,W1 confirm: 1 bar follow-through,ALL,18,66.7,5744619,9.08,-328720,20.7,1.15,-1.0,2
GOLD,W1 confirm: 1 bar follow-through,2025,11,63.6,1821696,5.76,-199800,11.6,1.05,-1.0,2
GOLD,W1 confirm: 1 bar follow-through,2026,7,71.4,3922923,12.93,-328720,9.1,1.3,-0.9,2
GOLD,W2 confirm: 2 bars follow-through,ALL,20,60.0,5124987,4.6,-910185,19.5,0.97,-2.2,3
GOLD,W2 confirm: 2 bars follow-through,2025,12,58.3,2467138,5.8,-292633,13.7,1.14,-1.5,3
GOLD,W2 confirm: 2 bars follow-through,2026,8,62.5,2657850,3.92,-910185,5.8,0.72,-2.2,3
GOLD,W3 pullback 1 ATR (10 bars),ALL,11,63.6,2333623,3.04,-619363,11.8,1.08,-2.2,2
GOLD,W3 pullback 1 ATR (10 bars),2025,4,75.0,1256581,15.26,-88089,5.6,1.41,-1.3,1
GOLD,W3 pullback 1 ATR (10 bars),2026,7,57.1,1077042,2.02,-619363,6.2,0.89,-2.2,2
GOLD,W4 pullback 2 ATR (15 bars),ALL,6,66.7,886500,3.16,-337998,4.9,0.82,-1.5,1
GOLD,W4 pullback 2 ATR (15 bars),2025,2,50.0,129258,2.8,-71656,1.1,0.54,-1.4,1
GOLD,W4 pullback 2 ATR (15 bars),2026,4,75.0,757242,3.24,-337998,3.8,0.96,-1.5,1
GOLD,W5 + 75m row agrees,ALL,3,66.7,-419831,0.14,-489960,-0.6,-0.19,-1.1,1
GOLD,W5 + 75m row agrees,2025,2,100.0,70128,inf,0,0.5,0.25,0.0,0
GOLD,W5 + 75m row agrees,2026,1,0.0,-489960,0.0,-489960,-1.1,-1.07,-1.1,1
GOLD,W6 + 200 EMA agrees,ALL,23,65.2,4923643,5.04,-605434,23.0,1.0,-0.9,2
GOLD,W6 + 200 EMA agrees,2025,15,73.3,4012091,13.03,-211902,19.1,1.27,-0.9,2
GOLD,W6 + 200 EMA agrees,2026,8,50.0,911551,2.03,-605434,3.9,0.49,-0.8,2
GOLD,W7 breakeven+ at 1R,ALL,28,75.0,7242032,5.16,-762014,27.5,0.98,-1.7,2
GOLD,W7 breakeven+ at 1R,2025,17,76.5,4063859,11.12,-192499,19.1,1.13,-0.9,2
GOLD,W7 breakeven+ at 1R,2026,11,72.7,3178172,3.38,-762014,8.4,0.76,-1.7,2
GOLD,W8 breakeven+ at 0.5R,ALL,28,82.1,5560961,4.66,-762014,25.3,0.9,-1.7,2
GOLD,W8 breakeven+ at 0.5R,2025,17,88.2,4313633,24.81,-104517,20.2,1.19,-0.9,1
GOLD,W8 breakeven+ at 0.5R,2026,11,72.7,1247328,1.93,-762014,5.0,0.46,-1.7,2
GOLD,"W9 50% off at 0.5R, then breakeven",ALL,28,82.1,4493744,3.96,-762014,17.6,0.63,-1.7,2
GOLD,"W9 50% off at 0.5R, then breakeven",2025,17,88.2,2805615,16.49,-104517,12.8,0.76,-0.9,1
GOLD,"W9 50% off at 0.5R, then breakeven",2026,11,72.7,1688129,2.26,-762014,4.7,0.43,-1.7,2
GOLD,"W10 50% off at 1R, then breakeven",ALL,28,75.0,5567977,4.2,-762014,21.0,0.75,-1.7,2
GOLD,"W10 50% off at 1R, then breakeven",2025,17,76.5,3194696,8.95,-192499,14.7,0.86,-0.9,2
GOLD,"W10 50% off at 1R, then breakeven",2026,11,72.7,2373281,2.77,-762014,6.3,0.57,-1.7,2
GOLD,W11 full exit at 1R,ALL,28,75.0,4089508,3.35,-762014,15.0,0.54,-1.7,2
GOLD,W11 full exit at 1R,2025,17,76.5,2374518,6.91,-192499,10.5,0.62,-0.9,2
GOLD,W11 full exit at 1R,2026,11,72.7,1714989,2.28,-762014,4.5,0.41,-1.7,2
GOLD,W12 exit on inner line,ALL,28,67.9,5706245,4.51,-618628,21.1,0.75,-1.4,2
GOLD,W12 exit on inner line,2025,17,76.5,3990555,12.01,-192499,17.7,1.04,-0.7,2
GOLD,W12 exit on inner line,2026,11,54.5,1715690,2.36,-618628,3.4,0.3,-1.4,2
