symbol,strategy,year,trades,win_rate_%,net_pnl_inr,gross_pnl_inr,costs_inr,profit_factor,avg_win_inr,avg_loss_inr,max_dd_inr,avg_bars_held,long_pnl_inr,short_pnl_inr
SILVER,reversal,2025,115,33.9,1968426,2090160,121734,1.54,143678,-47829,-516701,32.0,3015313,-1046887
SILVER,reversal,2026,97,38.1,3338270,3518280,180010,1.31,384710,-181600,-4522756,28.0,1256543,2081727
SILVER,ema_filter,2025,58,37.9,2280374,2344650,64276,2.62,167560,-39054,-473142,30.6,2724480,-444106
SILVER,ema_filter,2026,57,38.6,1972486,2079960,107474,1.3,383675,-184810,-3199478,27.1,2597411,-624926
SILVER,magical,2025,69,44.9,1829004,1903410,74406,1.86,127569,-55938,-417108,31.8,2309599,-480595
SILVER,magical,2026,60,36.7,2733278,2845860,112582,1.42,422790,-172845,-2794837,27.7,2150122,583156
SILVER,mtf_filter,2025,14,35.7,542613,561690,19077,1.96,221304,-62656,-217158,28.9,616657,-74044
SILVER,mtf_filter,2026,13,38.5,-231887,-207270,24617,0.85,272938,-199572,-1065062,27.0,93846,-325733
GOLD,reversal,2025,109,39.4,-266140,87600,353740,0.96,167087,-112892,-2123274,33.2,2741379,-3007519
GOLD,reversal,2026,85,34.1,-27732,328900,356632,1.0,389542,-202222,-3078272,32.2,-207472,179740
GOLD,ema_filter,2025,55,50.9,1211542,1395300,183758,1.32,178841,-140592,-1411990,34.6,2200003,-988461
GOLD,ema_filter,2026,44,34.1,-360957,-176100,184857,0.93,322035,-179016,-2625805,31.7,1820530,-2181488
GOLD,magical,2025,58,56.9,2826177,3017500,191323,2.19,157662,-95066,-491741,37.0,3868527,-1042350
GOLD,magical,2026,50,38.0,2526799,2735700,208901,1.47,415278,-173015,-1626952,31.5,2162816,363984
GOLD,mtf_filter,2025,21,38.1,-210515,-137900,72615,0.85,147435,-106923,-702323,30.1,390085,-600599
GOLD,mtf_filter,2026,11,63.6,1119491,1168300,48809,2.23,289716,-227131,-412693,37.2,1480043,-360552
