symbol,tf_min,atr,mult,strategy,trades,win_rate_%,net_pnl_inr,gross_pnl_inr,costs_inr,profit_factor,avg_win_inr,avg_loss_inr,max_dd_inr,avg_bars_held,long_pnl_inr,short_pnl_inr
SILVER,15,20,6.0,reversal,272,35.7,3804637,4195770,391133,1.22,216501,-98263,-2449593,89.6,3531948,272688
SILVER,15,20,6.0,magical,240,36.7,3584453,3929220,344767,1.24,212033,-99174,-2501056,89.5,2420194,1164260
SILVER,30,20,6.0,reversal,130,43.1,5645376,5836770,191394,1.48,309260,-157746,-4127598,94.7,4433707,1211669
SILVER,30,20,6.0,magical,117,43.6,6495344,6665970,170626,1.75,297430,-131418,-2955621,90.7,5579186,916158
SILVER,60,20,6.0,reversal,69,47.8,6378009,6486660,108651,1.91,406733,-195672,-1535328,92.3,4778646,1599363
SILVER,60,20,6.0,magical,60,48.3,5906494,6002430,95936,2.29,361406,-147558,-1517783,91.8,3748210,2158284
SILVER,120,20,6.0,reversal,40,42.5,7296219,7362570,66351,2.78,670185,-178127,-1127607,85.0,5222642,2073577
SILVER,120,20,6.0,magical,32,46.9,6824021,6877200,53179,4.13,600406,-128357,-539536,88.3,6149692,674329
SILVER,240,20,6.0,reversal,16,31.2,5600452,5636940,36488,2.87,1719679,-272540,-1616741,102.2,4315137,1285315
SILVER,240,20,6.0,magical,13,30.8,3313154,3345180,32026,1.86,1791569,-428125,-3355621,108.8,4223633,-910479
SILVER,60,10,3.0,reversal,212,35.8,5306696,5608440,301744,1.37,261023,-106846,-4522756,30.2,4271855,1034841
SILVER,60,10,4.0,reversal,128,42.2,5120949,5310750,189801,1.42,319173,-163708,-4177920,49.9,4171511,949438
SILVER,60,10,5.0,reversal,98,45.9,5535932,5681190,145258,1.61,323461,-170185,-1838804,65.2,4379074,1156858
SILVER,60,10,6.0,reversal,65,50.8,6755932,6860700,104768,2.02,405925,-207487,-1581589,98.0,4967584,1788347
SILVER,60,10,7.0,reversal,55,43.6,6038676,6129900,91224,1.92,523701,-210650,-1535328,115.8,4606880,1431796
SILVER,60,10,8.0,reversal,51,41.2,4272663,4358220,85557,1.62,531245,-229449,-1789433,124.9,3725633,547030
SILVER,60,14,3.0,reversal,206,34.5,4370885,4665600,294715,1.3,266016,-107528,-4502603,31.0,3804044,566841
SILVER,60,14,4.0,reversal,128,42.2,4514044,4703790,189746,1.37,307535,-163417,-4803340,49.9,3868089,645955
SILVER,60,14,5.0,reversal,94,44.7,6679574,6818010,138436,1.85,345221,-150379,-1060732,67.9,4949073,1730501
SILVER,60,14,6.0,reversal,65,47.7,6547597,6652260,104663,1.92,442022,-210443,-1535328,98.0,4863448,1684149
SILVER,60,14,7.0,reversal,57,42.1,3890057,3984660,94603,1.49,493259,-240853,-2175624,111.7,3534497,355560
SILVER,60,14,8.0,reversal,47,40.4,8139292,8216820,77528,2.87,657647,-155572,-1625292,135.5,5659733,2479559
SILVER,60,20,3.0,reversal,206,33.5,3198303,3494670,296367,1.21,270772,-113029,-5926168,31.0,3206642,-8339
SILVER,60,20,4.0,reversal,124,41.1,6214946,6399240,184294,1.59,328356,-144263,-3517553,51.4,4699637,1515309
SILVER,60,20,5.0,reversal,93,43.0,6893524,7030200,136676,1.88,367524,-147310,-1060732,68.5,5036380,1857144
SILVER,60,20,6.0,reversal,69,47.8,6378009,6486660,108651,1.91,406733,-195672,-1535328,92.3,4778646,1599363
SILVER,60,20,7.0,reversal,55,41.8,4997484,5088030,90546,1.69,531269,-225678,-2128880,115.7,4084385,913099
SILVER,60,20,8.0,reversal,49,38.8,6117365,6198270,80905,1.99,648438,-206765,-2220182,129.6,4640972,1476393
SILVER,60,30,3.0,reversal,204,36.3,5417870,5710260,292390,1.39,259189,-105862,-4499968,31.2,4300316,1117554
SILVER,60,30,4.0,reversal,120,44.2,8061685,8240040,178355,1.89,323823,-135835,-2192099,53.1,5624340,2437345
SILVER,60,30,5.0,reversal,87,46.0,7360660,7491060,130400,1.95,378372,-165409,-1839792,73.2,5269886,2090774
SILVER,60,30,6.0,reversal,71,46.5,7333811,7444110,110299,2.09,426553,-177432,-1398713,89.7,5255725,2078086
SILVER,60,30,7.0,reversal,55,41.8,5084619,5174670,90051,1.79,500912,-201136,-1566242,115.5,4123705,960915
SILVER,60,30,8.0,reversal,49,38.8,6259992,6340800,80808,2.01,657239,-207585,-2272817,129.3,4708290,1551702
GOLD,15,20,6.0,reversal,262,39.3,6927868,7870600,942732,1.39,241362,-112783,-2761618,92.1,6155794,772074
GOLD,15,20,6.0,magical,229,38.9,5619298,6443300,824002,1.34,247560,-117239,-2730095,92.9,6231110,-611812
GOLD,30,20,6.0,reversal,136,44.1,4558706,5061200,502494,1.35,294463,-172488,-1722033,90.0,4961012,-402306
GOLD,30,20,6.0,magical,114,46.5,5175091,5595600,420509,1.48,302681,-178148,-1792569,92.2,5290380,-115289
GOLD,60,20,6.0,reversal,59,52.5,9563880,9801400,237520,2.77,482974,-193154,-1112518,106.8,7433530,2130349
GOLD,60,20,6.0,magical,55,45.5,6999372,7220300,220928,2.22,509323,-191123,-1309939,100.7,6285930,713442
GOLD,120,20,6.0,reversal,42,40.5,3333672,3515300,181628,1.46,621668,-289387,-1549622,80.7,4296765,-963093
GOLD,120,20,6.0,magical,35,42.9,1756745,1907100,150355,1.27,548314,-323398,-1483473,77.1,4298088,-2541343
GOLD,240,20,6.0,reversal,22,27.3,-3055278,-2944200,111078,0.65,956807,-549758,-5516170,75.7,1028244,-4083522
GOLD,240,20,6.0,magical,16,37.5,-1925752,-1840000,85752,0.71,794897,-669514,-5053034,79.2,286284,-2212036
GOLD,60,10,3.0,reversal,194,37.1,-293872,416500,710372,0.98,256687,-153896,-3570056,32.8,2533907,-2827779
GOLD,60,10,4.0,reversal,130,49.2,5902501,6389400,486899,1.49,279019,-181132,-1903673,48.9,5632868,269633
GOLD,60,10,5.0,reversal,86,53.5,11258424,11584500,326076,3.05,364147,-137308,-615828,74.0,8301280,2957145
GOLD,60,10,6.0,reversal,66,48.5,8017389,8279700,262311,2.32,440862,-179123,-960487,96.4,6673893,1343496
GOLD,60,10,7.0,reversal,57,42.1,5185919,5417700,231781,1.72,516650,-218597,-1351345,111.5,5245385,-59466
GOLD,60,10,8.0,reversal,52,36.5,2142256,2356100,213844,1.26,544164,-248389,-1974030,122.2,3722636,-1580381
GOLD,60,14,3.0,reversal,196,37.8,248550,967400,718850,1.01,253370,-151646,-3244379,32.5,2801977,-2553427
GOLD,60,14,4.0,reversal,126,47.6,6323116,6795700,472584,1.55,298483,-175544,-1570719,50.5,5833796,489319
GOLD,60,14,5.0,reversal,84,53.6,11096855,11414700,317845,2.98,370993,-143534,-653613,75.7,8216419,2880436
GOLD,60,14,6.0,reversal,61,52.5,9863782,10106500,242718,2.9,470144,-178649,-904047,104.2,7583936,2279846
GOLD,60,14,7.0,reversal,52,48.1,6874949,7088800,213851,2.2,503671,-211734,-1292212,121.2,6088490,786458
GOLD,60,14,8.0,reversal,50,38.0,3127375,3335900,208525,1.42,560795,-242830,-1529246,125.8,4205633,-1078258
GOLD,60,20,3.0,reversal,196,38.3,1043216,1762300,719084,1.06,258502,-151607,-2769045,32.4,3178912,-2135696
GOLD,60,20,4.0,reversal,126,48.4,4769997,5244200,474203,1.38,284539,-193644,-1760234,50.1,5054256,-284259
GOLD,60,20,5.0,reversal,78,55.1,11501719,11804600,302881,3.2,388903,-149175,-653613,81.0,8415730,3085989
GOLD,60,20,6.0,reversal,59,52.5,9563880,9801400,237520,2.77,482974,-193154,-1112518,106.8,7433530,2130349
GOLD,60,20,7.0,reversal,50,52.0,8041012,8249500,208488,2.59,504358,-211345,-1292212,125.8,6665168,1375844
GOLD,60,20,8.0,reversal,50,42.0,3942297,4150900,208603,1.56,523185,-242917,-1356796,125.8,4607469,-665172
GOLD,60,30,3.0,reversal,194,38.7,2632506,3344100,711594,1.15,264817,-144780,-2425726,32.6,3996449,-1363943
GOLD,60,30,4.0,reversal,122,45.9,5739103,6197000,457897,1.48,317668,-182580,-2194255,51.8,5534516,204587
GOLD,60,30,5.0,reversal,82,50.0,9781231,10098800,317569,2.45,403121,-164555,-877765,77.0,7555520,2225711
GOLD,60,30,6.0,reversal,57,50.9,9676258,9908000,231742,2.75,524711,-197870,-1158517,110.6,7489705,2186553
GOLD,60,30,7.0,reversal,52,51.9,8463843,8677700,213857,2.71,497264,-198492,-923875,121.0,6876551,1587292
GOLD,60,30,8.0,reversal,48,45.8,4977974,5180100,202126,1.73,538246,-263979,-1393226,131.0,5128289,-150315
