symbol,strategy,trades,win_rate_%,net_pnl_inr,gross_pnl_inr,costs_inr,profit_factor,avg_win_inr,avg_loss_inr,max_dd_inr,avg_bars_held,long_pnl_inr,short_pnl_inr,buy_hold_inr
SILVER,reversal,69,47.8,6378009,6486660,108651,1.91,406733,-195672,-1535328,92.3,4778646,1599363,3292560
SILVER,day_filter,32,59.4,5792826,5846610,53784,4.24,398906,-137414,-905165,104.8,4614266,1178560,3292560
SILVER,ema_filter,41,48.8,4274491,4339560,65069,2.48,357785,-137201,-1088640,85.0,4269690,4801,3292560
SILVER,magical,60,48.3,5906494,6002430,95936,2.29,361406,-147558,-1517783,91.8,3748210,2158284,3292560
SILVER,mtf_filter,6,33.3,655829,664080,8251,2.75,515204,-93645,-219382,76.2,215397,440432,3292560
GOLD,reversal,59,52.5,9563880,9801400,237520,2.77,482974,-193154,-1112518,106.8,7433530,2130349,5426600
GOLD,day_filter,28,64.3,7133818,7244000,110182,4.99,495581,-178664,-770893,120.1,4473565,2660253,5426600
GOLD,ema_filter,32,59.4,6152336,6276100,123764,3.7,443832,-175421,-916064,106.8,6772528,-620192,5426600
GOLD,magical,55,45.5,6999372,7220300,220928,2.22,509323,-191123,-1309939,100.7,6285930,713442,5426600
GOLD,mtf_filter,3,66.7,-419765,-406900,12865,0.14,35070,-489905,-489905,65.0,-419765,0,5426600
