side,entry_time,exit_time,entry,exit,bars,rolls,gross_pts,cost_pts,net_pts,net_inr
LONG,2025-01-08 20:00:00,2025-02-14 21:00:00,98216.0,105541.0,401,1,7325.0,53.940400000000004,7271.0596,727105.96
SHORT,2025-02-14 21:00:00,2025-02-19 14:00:00,105541.0,106912.0,38,0,-1371.0,27.298000000000002,-1398.298,-139829.8
LONG,2025-02-19 14:00:00,2025-02-25 22:00:00,106912.0,105894.0,68,0,-1018.0,27.095000000000002,-1045.095,-104509.5
SHORT,2025-02-25 22:00:00,2025-03-04 13:00:00,105894.0,106237.0,56,0,-343.0,27.220000000000002,-370.22,-37022.0
LONG,2025-03-04 13:00:00,2025-03-21 20:00:00,106237.0,108081.0,194,0,1844.0,27.5408,1816.4592,181645.92
SHORT,2025-03-21 20:00:00,2025-03-27 21:00:00,108081.0,109040.0,61,0,-959.0,27.6808,-986.6808,-98668.08
LONG,2025-03-27 21:00:00,2025-04-03 18:00:00,109040.0,110142.0,60,0,1102.0,27.84,1074.16,107416.00000000001
SHORT,2025-04-03 18:00:00,2025-04-09 17:00:00,110142.0,111112.0,52,1,-970.0,55.89,-1025.89,-102589.00000000001
LONG,2025-04-09 17:00:00,2025-04-23 10:00:00,111112.0,116977.0,112,0,5865.0,29.172,5835.828,583582.8
SHORT,2025-04-23 10:00:00,2025-05-06 10:00:00,116977.0,117070.0,127,0,-93.0,29.1966,-122.1966,-12219.66
LONG,2025-05-06 10:00:00,2025-05-12 10:00:00,117070.0,115174.0,60,0,-1896.0,28.7884,-1924.7884,-192478.84
SHORT,2025-05-12 10:00:00,2025-05-19 14:00:00,115174.0,114713.0,79,0,461.0,28.7136,432.2864,43228.64
LONG,2025-05-19 14:00:00,2025-05-29 10:00:00,114713.0,115812.0,116,0,1099.0,28.93,1070.07,107007.0
SHORT,2025-05-29 10:00:00,2025-06-02 14:00:00,115812.0,117442.0,33,0,-1630.0,29.256,-1659.256,-165925.6
LONG,2025-06-02 14:00:00,2025-06-06 19:00:00,117442.0,117673.0,55,1,231.0,58.8112,172.18880000000001,17218.88
SHORT,2025-06-06 19:00:00,2025-06-12 16:00:00,117673.0,118133.0,57,0,-460.0,29.653000000000002,-489.653,-48965.3
LONG,2025-06-12 16:00:00,2025-06-24 10:00:00,118133.0,118077.0,114,0,-56.0,29.573600000000003,-85.5736,-8557.36
SHORT,2025-06-24 10:00:00,2025-07-01 13:00:00,118077.0,117083.0,78,0,994.0,29.4254,964.5746,96457.46
LONG,2025-07-01 13:00:00,2025-07-07 10:00:00,117083.0,116346.0,57,0,-737.0,29.293,-766.293,-76629.3
SHORT,2025-07-07 10:00:00,2025-07-11 10:00:00,116346.0,117154.0,60,0,-808.0,29.506,-837.506,-83750.59999999999
LONG,2025-07-11 10:00:00,2025-07-17 19:00:00,117154.0,116903.0,69,0,-251.0,29.457800000000002,-280.4578,-28045.780000000002
SHORT,2025-07-17 19:00:00,2025-07-21 11:00:00,116903.0,118369.0,22,0,-1466.0,29.7052,-1495.7052,-149570.52000000002
LONG,2025-07-21 11:00:00,2025-07-24 10:00:00,118369.0,118928.0,44,0,559.0,29.786,529.2139999999999,52921.399999999994
SHORT,2025-07-24 10:00:00,2025-07-30 14:00:00,118928.0,118568.0,64,0,360.0,29.754,330.246,33024.6
LONG,2025-07-30 14:00:00,2025-08-11 18:00:00,118568.0,120172.0,110,0,1604.0,30.073,1573.927,157392.69999999998
SHORT,2025-08-11 18:00:00,2025-08-22 20:00:00,120172.0,119846.0,122,1,326.0,60.162800000000004,265.8372,26583.72
LONG,2025-08-22 20:00:00,2025-09-18 12:00:00,119846.0,128579.0,269,0,8733.0,31.819000000000003,8701.181,870118.1000000001
SHORT,2025-09-18 12:00:00,2025-09-22 11:00:00,128579.0,130321.0,29,0,-1742.0,32.166,-1774.166,-177416.6
LONG,2025-09-22 11:00:00,2025-10-09 23:00:00,130321.0,138941.0,179,1,8620.0,68.12,8551.88,855187.9999999999
SHORT,2025-10-09 23:00:00,2025-10-13 11:00:00,138941.0,142065.0,18,0,-3124.0,34.746,-3158.746,-315874.60000000003
LONG,2025-10-13 11:00:00,2025-10-17 20:00:00,142065.0,146531.0,69,0,4466.0,35.6452,4430.3548,443035.48
SHORT,2025-10-17 20:00:00,2025-11-10 12:00:00,146531.0,141300.0,199,0,5231.0,34.601600000000005,5196.3984,519639.84
LONG,2025-11-10 12:00:00,2025-11-14 18:00:00,141300.0,142423.0,66,0,1123.0,34.4862,1088.5138,108851.37999999999
SHORT,2025-11-14 18:00:00,2025-11-25 10:00:00,142423.0,143568.0,97,0,-1145.0,35.05,-1180.05,-118005.0
LONG,2025-11-25 10:00:00,2025-12-29 20:00:00,143568.0,153322.0,335,1,9754.0,73.8452,9680.1548,968015.48
SHORT,2025-12-29 20:00:00,2026-01-06 10:00:00,153322.0,155445.0,73,0,-2123.0,37.726,-2160.726,-216072.6
LONG,2026-01-06 10:00:00,2026-01-22 10:00:00,155445.0,166588.0,172,0,11143.0,40.0312,11102.9688,1110296.8800000001
SHORT,2026-01-22 10:00:00,2026-01-27 10:00:00,166588.0,175350.0,30,0,-8762.0,41.6304,-8803.6304,-880363.04
LONG,2026-01-27 10:00:00,2026-01-29 21:00:00,175350.0,176224.0,41,0,874.0,43.7128,830.2872,83028.72
SHORT,2026-01-29 21:00:00,2026-02-19 13:00:00,176224.0,164456.0,220,1,11768.0,82.7352,11685.2648,1168526.48
LONG,2026-02-19 13:00:00,2026-03-03 18:00:00,164456.0,171781.0,117,0,7325.0,42.7124,7282.2876,728228.76
SHORT,2026-03-03 18:00:00,2026-03-25 10:00:00,171781.0,151788.0,232,0,19993.0,38.7504,19954.2496,1995424.96
LONG,2026-03-25 10:00:00,2026-04-06 09:00:00,151788.0,153102.0,67,1,1314.0,79.75319999999999,1234.2468,123424.68
SHORT,2026-04-06 09:00:00,2026-04-14 23:00:00,153102.0,158813.0,96,0,-5711.0,40.973600000000005,-5751.9736,-575197.36
LONG,2026-04-14 23:00:00,2026-04-21 23:00:00,158813.0,155748.0,75,0,-3065.0,40.339600000000004,-3105.3396,-310533.95999999996
SHORT,2026-04-21 23:00:00,2026-04-30 16:00:00,155748.0,156011.0,98,0,-263.0,40.323,-303.323,-30332.3
LONG,2026-04-30 16:00:00,2026-05-20 10:00:00,156011.0,162635.0,196,0,6624.0,41.6632,6582.3368,658233.68
SHORT,2026-05-20 10:00:00,2026-06-15 10:00:00,162635.0,155805.0,244,1,6830.0,81.266,6748.734,674873.4
LONG,2026-06-15 10:00:00,2026-06-18 14:00:00,155805.0,153524.0,49,0,-2281.0,40.112,-2321.112,-232111.2
SHORT,2026-06-18 14:00:00,2026-07-01 20:00:00,153524.0,147667.0,133,0,5857.0,38.9626,5818.0374,581803.74
LONG,2026-07-01 20:00:00,2026-07-08 15:00:00,147667.0,145884.0,70,0,-1783.0,38.62520000000001,-1821.6252,-182162.52
SHORT,2026-07-08 15:00:00,2026-07-21 21:00:00,145884.0,145619.0,141,0,265.0,38.592600000000004,226.4074,22640.739999999998
LONG,2026-07-21 21:00:00,2026-07-23 19:00:00,145619.0,145918.0,28,0,299.0,38.6038,260.3962,26039.620000000003
SHORT,2026-07-23 19:00:00,2026-07-30 22:00:00,145918.0,145969.0,78,0,-51.0,38.6044,-89.6044,-8960.44
LONG,2026-07-30 22:00:00,2026-08-26 23:00:00,145969.0,160270.0,280,1,14301.0,83.6,14217.4,1421740.0
SHORT,2026-08-26 23:00:00,2026-09-03 19:00:00,160270.0,155434.0,86,0,4836.0,41.0626,4794.9374,479493.74
LONG,2026-09-03 19:00:00,2026-09-14 18:00:00,155434.0,150575.0,96,0,-4859.0,40.053399999999996,-4899.0534,-489905.33999999997
SHORT,2026-09-14 18:00:00,2026-09-18 12:00:00,150575.0,154040.0,54,0,-3465.0,40.854,-3505.854,-350585.39999999997
LONG,2026-09-18 12:00:00,2026-09-23 23:00:00,154040.0,151360.0,56,0,-2680.0,40.272000000000006,-2720.272,-272027.2
