side,entry_time,exit_time,entry,qty,risk_pts,reason,gross_inr,net_inr,r_multiple
LONG,2025-02-19 14:00:00,2025-02-25 22:00:00,106912.0,1.0,1142.9220682903688,flip,-101800.0,-104516.76,-0.9144696992012814
LONG,2025-03-04 13:00:00,2025-03-21 20:00:00,106237.0,1.0,1430.516166905465,flip,184400.0,181668.03,1.2699474092137641
LONG,2025-03-27 21:00:00,2025-04-03 18:03:00,109040.0,1.0,1229.813979875078,flip,110200.0,107418.20999999999,0.8734508775946043
LONG,2025-04-09 17:00:00,2025-04-23 10:00:00,111112.0,1.0,2917.311722274302,flip,586500.0,583642.3300000001,2.0006169568502585
LONG,2025-05-06 10:00:00,2025-05-12 10:00:00,117070.0,1.0,2709.544335943472,flip,-189600.0,-192499.07,-0.710448127555629
LONG,2025-05-19 14:00:00,2025-05-29 10:01:00,114713.0,1.0,2496.963484660053,flip,109900.0,107018.0,0.42859257116677413
LONG,2025-06-02 14:41:00,2025-06-06 19:00:00,117442.0,1.0,1870.8585931482376,flip,23100.0,17203.620000000003,0.09195574728633096
LONG,2025-06-12 16:00:00,2025-06-24 10:00:00,118133.0,1.0,2018.304354960157,flip,-5600.0,-8564.119999999999,-0.04243225249429273
LONG,2025-07-01 13:00:00,2025-07-07 10:00:00,117083.0,1.0,1707.5940509474603,flip,-73700.0,-76636.03,-0.44879536771329476
LONG,2025-07-11 10:00:00,2025-07-17 19:00:00,117154.0,1.0,1299.643499304948,flip,-25100.0,-28042.7,-0.21577224842810583
LONG,2025-07-21 11:00:00,2025-07-24 10:00:00,118369.0,1.0,1270.7798911166465,flip,55900.0,52924.84,0.4164752713665813
LONG,2025-07-30 14:03:00,2025-08-11 18:00:00,118568.0,1.0,1240.099474574963,flip,160400.0,157410.18,1.269335107604585
LONG,2025-08-22 20:00:00,2025-09-18 12:00:00,119846.0,1.0,1607.9630060587078,flip,873300.0,870211.05,5.411884768002107
LONG,2025-09-22 11:00:00,2025-10-09 23:00:00,130321.0,1.0,1628.0611270266236,flip,862000.0,855274.96,5.2533344467355105
LONG,2025-10-13 11:00:00,2025-10-17 20:00:00,142065.0,1.0,4294.37889874418,flip,446600.0,443079.73000000004,1.03176673611537
LONG,2025-11-10 12:00:00,2025-11-14 18:00:00,141300.0,1.0,2864.317438752507,flip,112300.0,108828.77,0.37994660971445293
LONG,2025-11-25 10:00:00,2025-12-29 20:00:00,143568.0,1.0,3292.220027756586,flip,975400.0,968052.05,2.9404233065785057
LONG,2026-01-06 10:00:00,2026-01-22 10:00:00,155445.0,1.0,2943.849646932096,flip,1114300.0,1110417.95,3.7719927413997216
LONG,2026-01-27 10:00:00,2026-01-29 21:00:00,175350.0,1.0,8150.980114385602,flip,87400.0,83209.38,0.10208512207402445
SHORT,2026-03-03 18:00:00,2026-03-25 10:00:00,171781.0,1.0,5813.330992001342,flip,1999300.0,1995213.56,3.432134799730563
SHORT,2026-04-06 09:00:00,2026-04-14 23:00:00,153102.0,1.0,7584.774570573034,flip,-571100.0,-575101.81,-0.7582319087389182
SHORT,2026-04-21 23:00:00,2026-04-30 16:00:00,155748.0,1.0,3509.7218398398545,flip,-26300.0,-30332.460000000003,-0.0864241138875668
SHORT,2026-05-20 10:00:00,2026-06-15 10:00:00,162635.0,1.0,3775.687253473414,flip,683000.0,674822.5499999999,1.787284021946474
SHORT,2026-06-18 14:00:00,2026-07-01 20:00:00,153524.0,1.0,3791.6584568416583,flip,585700.0,581740.74,1.5342646143412748
SHORT,2026-07-08 15:00:00,2026-07-21 21:00:00,145884.0,1.0,3699.7687237923965,flip,26500.0,22637.32,0.06118577048998871
SHORT,2026-07-23 19:00:00,2026-07-30 22:00:00,145918.0,1.0,2592.989300539717,flip,-5100.0,-8965.730000000001,-0.03457681062599769
LONG,2026-09-03 19:00:00,2026-09-14 18:00:00,155434.0,1.0,4564.400338293926,flip,-485900.0,-489959.59,-1.073436932973185
LONG,2026-09-18 12:00:00,2026-09-23 23:29:00,154040.0,1.0,4080.325760632637,end,-268000.0,-272053.96,-0.66674568639789
