symbol,variant,period,trades,win_%,net_inr,pf,max_dd_inr,net_R,avg_R,max_dd_R,worst_streak,avg_win_R,avg_loss_R,small_wins_<0.2R
SILVER,V1 Day filter (current),ALL,32,59.4,5793476,4.24,-905014,22.4,0.7,-2.4,3,1.62,-0.65,4
SILVER,V1 Day filter (current),2025,17,58.8,2697719,8.1,-207464,16.4,0.97,-2.4,3,2.09,-0.63,1
SILVER,V1 Day filter (current),2026,15,60.0,3095757,3.2,-905014,5.9,0.4,-2.1,3,1.11,-0.68,3
SILVER,W8 V1 + lock +0.1R once up 0.5R,ALL,32,78.1,5072716,4.77,-803221,21.7,0.68,-2.0,2,1.11,-0.86,13
SILVER,W8 V1 + lock +0.1R once up 0.5R,2025,17,82.4,2657337,11.19,-168503,17.3,1.02,-2.0,2,1.46,-1.05,6
SILVER,W8 V1 + lock +0.1R once up 0.5R,2026,15,73.3,2415379,3.22,-803221,4.4,0.3,-1.8,1,0.66,-0.72,7
SILVER,W8 + 1-bar confirmation (post-hoc),ALL,16,93.8,3316209,19.63,-178034,12.0,0.75,-0.6,1,0.84,-0.6,9
SILVER,W8 + 1-bar confirmation (post-hoc),2025,8,100.0,1178375,inf,0,7.1,0.89,0.0,0,0.89,,5
SILVER,W8 + 1-bar confirmation (post-hoc),2026,8,87.5,2137834,13.01,-178034,4.8,0.61,-0.6,1,0.78,-0.6,4
GOLD,V1 Day filter (current),ALL,28,64.3,7134101,4.99,-770979,27.1,0.97,-1.8,3,1.78,-0.5,3
GOLD,V1 Day filter (current),2025,17,70.6,4042473,10.85,-192499,19.0,1.12,-0.9,3,1.78,-0.47,1
GOLD,V1 Day filter (current),2026,11,54.5,3091628,3.25,-770979,8.1,0.73,-1.8,3,1.78,-0.52,2
GOLD,W8 V1 + lock +0.1R once up 0.5R,ALL,28,82.1,5560961,4.66,-762014,25.3,0.9,-1.7,2,1.27,-0.77,9
GOLD,W8 V1 + lock +0.1R once up 0.5R,2025,17,88.2,4313633,24.81,-104517,20.2,1.19,-0.9,1,1.44,-0.68,4
GOLD,W8 V1 + lock +0.1R once up 0.5R,2026,11,72.7,1247328,1.93,-762014,5.0,0.46,-1.7,2,0.94,-0.83,5
GOLD,W8 + 1-bar confirmation (post-hoc),ALL,18,88.9,4234571,11.28,-295056,19.6,1.09,-1.0,1,1.34,-0.9,6
GOLD,W8 + 1-bar confirmation (post-hoc),2025,11,90.9,2135606,19.25,-117018,13.1,1.19,-1.0,1,1.41,-1.0,3
GOLD,W8 + 1-bar confirmation (post-hoc),2026,7,85.7,2098965,8.11,-295056,6.5,0.92,-0.8,1,1.21,-0.79,3
